Gene	Phase_rna	Phase_protein
NCU00003	2.0	0.0
NCU00004	18.0	
NCU00008	22.0	
NCU00009	12.0	
NCU00010	0.0	
NCU00014	0.0	
NCU00017	22.0	
NCU00019	18.0	
NCU00021	0.0	2.0
NCU00025	16.0	
NCU00026	4.0	
NCU00027	2.0	
NCU00028	10.0	2.0
NCU00030	2.0	
NCU00032	12.0	
NCU00035	20.0	
NCU00038	0.0	
NCU00040		0.0
NCU00041	20.0	
NCU00043	18.0	
NCU00045	22.0	
NCU00046	22.0	
NCU00050		2.0
NCU00051	8.0	2.0
NCU00052	20.0	
NCU00055	12.0	
NCU00057	6.0	
NCU00059	0.0	
NCU00061	22.0	
NCU00064	10.0	14.0
NCU00065	2.0	
NCU00066	20.0	6.0
NCU00069	16.0	
NCU00074	0.0	
NCU00077	6.0	
NCU00078	14.0	
NCU00080	12.0	
NCU00081	22.0	
NCU00083	10.0	
NCU00084	12.0	
NCU00087	14.0	
NCU00088		16.0
NCU00089	2.0	
NCU00090		4.0
NCU00091	12.0	
NCU00100	6.0	
NCU00101	4.0	
NCU00102	4.0	
NCU00103	6.0	2.0
NCU00104	12.0	20.0
NCU00105	6.0	
NCU00106	10.0	
NCU00107	6.0	
NCU00111	10.0	
NCU00112	6.0	
NCU00114	8.0	
NCU00116		22.0
NCU00122	2.0	
NCU00124	18.0	22.0
NCU00125	2.0	
NCU00126	14.0	
NCU00127		20.0
NCU00128	16.0	
NCU00130	14.0	
NCU00132	12.0	
NCU00135	6.0	
NCU00136	2.0	
NCU00137	6.0	10.0
NCU00142	18.0	
NCU00145	4.0	8.0
NCU00146	4.0	
NCU00150	2.0	
NCU00151	0.0	
NCU00152	22.0	
NCU00153		2.0
NCU00154	12.0	
NCU00157	4.0	
NCU00158	18.0	
NCU00159		2.0
NCU00161	18.0	
NCU00164		2.0
NCU00172	22.0	
NCU00173	10.0	
NCU00175	10.0	
NCU00182	20.0	4.0
NCU00183	10.0	
NCU00184	12.0	
NCU00187	10.0	10.0
NCU00193	20.0	
NCU00194	2.0	
NCU00198	4.0	
NCU00199	0.0	
NCU00202	18.0	
NCU00203		2.0
NCU00204	16.0	
NCU00210		2.0
NCU00211	6.0	
NCU00212	4.0	2.0
NCU00218	14.0	
NCU00219		2.0
NCU00223	10.0	
NCU00224	20.0	
NCU00227	6.0	
NCU00232	0.0	
NCU00233	10.0	
NCU00236	10.0	10.0
NCU00240	18.0	0.0
NCU00241	22.0	
NCU00243	22.0	
NCU00245	2.0	
NCU00247	22.0	
NCU00249		2.0
NCU00251	22.0	
NCU00253	20.0	
NCU00257	2.0	
NCU00258	6.0	10.0
NCU00260	14.0	10.0
NCU00261	18.0	2.0
NCU00263	14.0	4.0
NCU00264	0.0	
NCU00267	2.0	
NCU00269	6.0	
NCU00270	22.0	
NCU00273	22.0	
NCU00275	8.0	
NCU00276	4.0	
NCU00277	12.0	
NCU00278	16.0	
NCU00282	20.0	
NCU00283	6.0	
NCU00285	6.0	
NCU00287	10.0	
NCU00291	22.0	
NCU00292	0.0	
NCU00294	8.0	
NCU00301	2.0	
NCU00304		8.0
NCU00305	14.0	
NCU00306	6.0	
NCU00309	16.0	
NCU00311	16.0	
NCU00312	20.0	
NCU00315		8.0
NCU00316	8.0	16.0
NCU00321	2.0	
NCU00322	10.0	
NCU00326	10.0	
NCU00329	20.0	
NCU00332	14.0	
NCU00333		14.0
NCU00336	22.0	4.0
NCU00337	2.0	
NCU00338	20.0	
NCU00344	12.0	
NCU00346	18.0	
NCU00347	14.0	
NCU00350	10.0	0.0
NCU00351	20.0	10.0
NCU00352	22.0	22.0
NCU00359	0.0	
NCU00360		2.0
NCU00361		2.0
NCU00363	12.0	
NCU00364	10.0	14.0
NCU00365		10.0
NCU00366	22.0	
NCU00369	16.0	
NCU00370	12.0	
NCU00371	0.0	
NCU00372	0.0	16.0
NCU00373	6.0	
NCU00375	20.0	
NCU00376	4.0	
NCU00377	0.0	
NCU00378	2.0	10.0
NCU00379	10.0	
NCU00382	8.0	
NCU00384		4.0
NCU00385		8.0
NCU00387	22.0	
NCU00392	0.0	
NCU00395	0.0	2.0
NCU00396	2.0	
NCU00397	6.0	
NCU00399	14.0	
NCU00400	14.0	
NCU00401	12.0	
NCU00404	0.0	
NCU00406	18.0	
NCU00407	4.0	
NCU00408	12.0	
NCU00409	10.0	12.0
NCU00413	6.0	16.0
NCU00414	4.0	
NCU00418	6.0	
NCU00419	22.0	
NCU00420	22.0	
NCU00422	4.0	8.0
NCU00423	14.0	
NCU00427	2.0	
NCU00428	4.0	
NCU00431	20.0	
NCU00432	18.0	
NCU00434	2.0	6.0
NCU00435		12.0
NCU00436	4.0	
NCU00437	10.0	
NCU00440		6.0
NCU00441	22.0	
NCU00444	4.0	
NCU00447	8.0	
NCU00449	12.0	
NCU00450	10.0	0.0
NCU00451	14.0	0.0
NCU00453	2.0	
NCU00454	20.0	12.0
NCU00456	10.0	
NCU00458	6.0	
NCU00461	18.0	22.0
NCU00463	4.0	
NCU00464	6.0	
NCU00465	2.0	
NCU00466	2.0	
NCU00467		2.0
NCU00468	22.0	
NCU00469		4.0
NCU00472	12.0	18.0
NCU00475	6.0	16.0
NCU00476		0.0
NCU00477		22.0
NCU00481	2.0	
NCU00483	22.0	
NCU00484	6.0	
NCU00485	12.0	
NCU00486	20.0	
NCU00488		8.0
NCU00489	2.0	
NCU00495	14.0	
NCU00496	10.0	
NCU00498	6.0	2.0
NCU00501	18.0	4.0
NCU00505		0.0
NCU00518	2.0	
NCU00519	6.0	
NCU00521	22.0	4.0
NCU00522	10.0	10.0
NCU00527	6.0	
NCU00528	20.0	
NCU00536	0.0	
NCU00537	4.0	18.0
NCU00542	22.0	
NCU00549	4.0	0.0
NCU00550	8.0	
NCU00552	10.0	
NCU00553	22.0	
NCU00556	0.0	18.0
NCU00559	6.0	
NCU00560	6.0	
NCU00561	16.0	
NCU00564	8.0	
NCU00565	20.0	
NCU00567	8.0	2.0
NCU00573	20.0	
NCU00575	4.0	6.0
NCU00576	20.0	
NCU00580	12.0	
NCU00581	6.0	
NCU00582		2.0
NCU00585	2.0	2.0
NCU00586		2.0
NCU00589	2.0	
NCU00590	8.0	
NCU00591	4.0	
NCU00593	4.0	
NCU00595	20.0	
NCU00596	20.0	
NCU00597	2.0	
NCU00598	12.0	
NCU00599	2.0	
NCU00600	8.0	
NCU00605	4.0	18.0
NCU00608	8.0	
NCU00609	20.0	
NCU00611	12.0	
NCU00616	6.0	
NCU00617	0.0	
NCU00618	4.0	
NCU00619	18.0	
NCU00622	10.0	
NCU00628	16.0	
NCU00631		6.0
NCU00633	14.0	18.0
NCU00634	4.0	12.0
NCU00635	6.0	
NCU00636	14.0	
NCU00643	14.0	22.0
NCU00649	0.0	
NCU00650	0.0	
NCU00651	0.0	
NCU00656	14.0	
NCU00657	4.0	
NCU00660	6.0	
NCU00668		0.0
NCU00670	2.0	
NCU00673	4.0	
NCU00674	6.0	
NCU00676		4.0
NCU00677	6.0	
NCU00678	10.0	
NCU00680	2.0	
NCU00685	22.0	
NCU00687	16.0	
NCU00689	16.0	
NCU00692	2.0	2.0
NCU00693		20.0
NCU00696	18.0	
NCU00697	12.0	
NCU00701	12.0	
NCU00706	4.0	16.0
NCU00707	4.0	12.0
NCU00709	12.0	
NCU00710	20.0	
NCU00712	2.0	2.0
NCU00714	10.0	0.0
NCU00716	14.0	22.0
NCU00717	12.0	
NCU00718	4.0	
NCU00720	14.0	22.0
NCU00721	14.0	
NCU00722	14.0	0.0
NCU00726	14.0	0.0
NCU00729	10.0	18.0
NCU00730	14.0	
NCU00732	14.0	18.0
NCU00735	0.0	
NCU00738	14.0	
NCU00740	14.0	
NCU00741	14.0	
NCU00743		8.0
NCU00748	6.0	
NCU00749	16.0	
NCU00753		0.0
NCU00759	8.0	
NCU00766	14.0	
NCU00770	10.0	
NCU00772	22.0	22.0
NCU00775	10.0	2.0
NCU00777	0.0	
NCU00781	16.0	
NCU00782	4.0	
NCU00784	6.0	
NCU00789	8.0	
NCU00790		22.0
NCU00792	4.0	10.0
NCU00793	10.0	20.0
NCU00795	10.0	
NCU00796	14.0	22.0
NCU00798		12.0
NCU00802	6.0	
NCU00803	2.0	
NCU00805	6.0	
NCU00810	14.0	
NCU00811	22.0	
NCU00812	16.0	
NCU00813	10.0	
NCU00825	4.0	
NCU00826	4.0	
NCU00827	0.0	
NCU00833	2.0	
NCU00837	14.0	
NCU00838	10.0	22.0
NCU00839	10.0	
NCU00843	16.0	2.0
NCU00844	16.0	
NCU00847		18.0
NCU00853	12.0	
NCU00854	14.0	
NCU00855	16.0	
NCU00859	12.0	
NCU00863	10.0	
NCU00864	14.0	
NCU00865	16.0	0.0
NCU00867		0.0
NCU00868		12.0
NCU00869	22.0	
NCU00873	18.0	
NCU00874	18.0	
NCU00875	22.0	
NCU00877	12.0	
NCU00878	16.0	
NCU00879		0.0
NCU00880	14.0	0.0
NCU00881	20.0	20.0
NCU00884	10.0	
NCU00886	22.0	
NCU00887	22.0	
NCU00889	22.0	
NCU00890		0.0
NCU00892	10.0	
NCU00894		2.0
NCU00895		18.0
NCU00897	14.0	
NCU00898	16.0	
NCU00899	22.0	
NCU00900	6.0	
NCU00902	6.0	6.0
NCU00903		0.0
NCU00904		22.0
NCU00905		0.0
NCU00906	8.0	
NCU00911	10.0	8.0
NCU00912	12.0	
NCU00913	12.0	0.0
NCU00914	0.0	
NCU00918	16.0	
NCU00919	12.0	
NCU00920	0.0	
NCU00924		18.0
NCU00925	4.0	
NCU00926	14.0	
NCU00929	18.0	
NCU00930	14.0	
NCU00935	10.0	
NCU00936	10.0	
NCU00937	16.0	
NCU00938	22.0	
NCU00939	10.0	
NCU00944	8.0	
NCU00949	8.0	
NCU00952	4.0	
NCU00953	12.0	
NCU00954		20.0
NCU00955	16.0	
NCU00957	22.0	0.0
NCU00959	18.0	
NCU00963	18.0	12.0
NCU00964	10.0	20.0
NCU00965	14.0	
NCU00967	8.0	
NCU00971	8.0	
NCU00972	10.0	
NCU00974	6.0	
NCU00977	6.0	
NCU00979	6.0	
NCU00981	2.0	
NCU00983	2.0	
NCU00984	4.0	
NCU00985	12.0	
NCU00987	16.0	
NCU00988	16.0	
NCU00990	14.0	
NCU00993	6.0	
NCU00995	22.0	16.0
NCU00998	10.0	
NCU01001	0.0	14.0
NCU01002	16.0	0.0
NCU01004	22.0	
NCU01007	8.0	2.0
NCU01019		14.0
NCU01021		8.0
NCU01024	16.0	
NCU01026	2.0	
NCU01027	6.0	
NCU01032	20.0	
NCU01041	12.0	
NCU01052	6.0	
NCU01053	2.0	
NCU01057		2.0
NCU01060	12.0	
NCU01061	8.0	
NCU01063	12.0	
NCU01065	4.0	
NCU01066		12.0
NCU01070	6.0	
NCU01072	2.0	
NCU01074	6.0	
NCU01081		22.0
NCU01083	0.0	2.0
NCU01088	18.0	
NCU01089	14.0	
NCU01092	2.0	22.0
NCU01094	10.0	
NCU01097		14.0
NCU01100	10.0	
NCU01101	14.0	8.0
NCU01102	4.0	2.0
NCU01104	22.0	22.0
NCU01106	14.0	
NCU01107	12.0	22.0
NCU01108	12.0	0.0
NCU01111	14.0	
NCU01112	12.0	16.0
NCU01113	0.0	
NCU01115	0.0	0.0
NCU01118	14.0	
NCU01119	16.0	0.0
NCU01121	6.0	
NCU01123	18.0	
NCU01127	12.0	
NCU01140	10.0	0.0
NCU01142	6.0	
NCU01144		0.0
NCU01145	6.0	0.0
NCU01146	12.0	
NCU01147	10.0	
NCU01149	14.0	
NCU01150	20.0	
NCU01153	8.0	
NCU01154	8.0	
NCU01157		16.0
NCU01160	2.0	2.0
NCU01161	10.0	
NCU01162	12.0	
NCU01165	22.0	
NCU01166	18.0	
NCU01167	6.0	
NCU01169		2.0
NCU01170	2.0	
NCU01172	12.0	
NCU01174	4.0	
NCU01175	2.0	
NCU01176	18.0	
NCU01178	18.0	
NCU01179		2.0
NCU01181		2.0
NCU01183	2.0	
NCU01187	10.0	4.0
NCU01189	16.0	
NCU01190	10.0	0.0
NCU01195		10.0
NCU01196	16.0	
NCU01197		0.0
NCU01198	2.0	
NCU01201	4.0	
NCU01205	6.0	
NCU01207	10.0	0.0
NCU01208	20.0	
NCU01209	6.0	
NCU01211		4.0
NCU01215	2.0	14.0
NCU01219	0.0	
NCU01220	2.0	
NCU01221	6.0	10.0
NCU01223	12.0	
NCU01225	4.0	
NCU01227	4.0	10.0
NCU01233	14.0	
NCU01236	2.0	
NCU01240		8.0
NCU01243	8.0	
NCU01246	10.0	
NCU01247		8.0
NCU01248	2.0	
NCU01249	0.0	
NCU01256	20.0	
NCU01257	2.0	
NCU01258	10.0	
NCU01259	2.0	
NCU01260	6.0	
NCU01267	20.0	
NCU01270	6.0	
NCU01271	10.0	10.0
NCU01274	12.0	
NCU01275	12.0	
NCU01276	0.0	
NCU01277	20.0	8.0
NCU01285	2.0	
NCU01288	12.0	
NCU01289	20.0	
NCU01290	2.0	16.0
NCU01291	6.0	
NCU01294		18.0
NCU01296	16.0	
NCU01297		18.0
NCU01301	18.0	
NCU01307	6.0	
NCU01313	4.0	
NCU01315	22.0	
NCU01317	6.0	
NCU01318	10.0	
NCU01320	14.0	20.0
NCU01321	10.0	
NCU01327	12.0	
NCU01329	6.0	
NCU01330		2.0
NCU01331	4.0	
NCU01332	6.0	6.0
NCU01333	12.0	
NCU01338	12.0	
NCU01339		14.0
NCU01340	4.0	
NCU01343	12.0	2.0
NCU01344	2.0	
NCU01345	8.0	
NCU01347	12.0	2.0
NCU01351	12.0	
NCU01353	22.0	
NCU01358	6.0	
NCU01362	14.0	
NCU01366	18.0	
NCU01369	2.0	
NCU01370	20.0	
NCU01373	6.0	
NCU01376	10.0	
NCU01380	22.0	
NCU01382		2.0
NCU01385	12.0	
NCU01386	22.0	
NCU01388	0.0	
NCU01389	4.0	
NCU01390	12.0	6.0
NCU01393	0.0	
NCU01399	0.0	2.0
NCU01400	4.0	
NCU01403		18.0
NCU01408	4.0	
NCU01409	10.0	
NCU01414	20.0	8.0
NCU01416	18.0	
NCU01418	22.0	
NCU01419	12.0	
NCU01420	8.0	
NCU01426	2.0	
NCU01427	4.0	2.0
NCU01428	6.0	
NCU01430	10.0	
NCU01431		2.0
NCU01438	18.0	
NCU01439		2.0
NCU01443	4.0	
NCU01444		2.0
NCU01445	18.0	
NCU01447	0.0	
NCU01449	4.0	
NCU01452	2.0	
NCU01454	10.0	2.0
NCU01456	20.0	
NCU01457	0.0	16.0
NCU01458	22.0	
NCU01459	10.0	4.0
NCU01460	10.0	
NCU01461	4.0	
NCU01462	2.0	
NCU01465	14.0	
NCU01468	2.0	2.0
NCU01470	22.0	
NCU01471	14.0	
NCU01473	4.0	2.0
NCU01474	4.0	2.0
NCU01476	12.0	
NCU01479	6.0	2.0
NCU01480	12.0	
NCU01481	20.0	
NCU01483	4.0	
NCU01484		8.0
NCU01485	20.0	2.0
NCU01487	0.0	
NCU01488	22.0	
NCU01489	2.0	
NCU01491	8.0	
NCU01493	18.0	
NCU01496	12.0	
NCU01498	18.0	
NCU01502	0.0	
NCU01503	0.0	
NCU01504	20.0	
NCU01506	20.0	
NCU01510	8.0	
NCU01512	6.0	
NCU01514	18.0	
NCU01515	0.0	
NCU01516	2.0	2.0
NCU01524	2.0	
NCU01525	0.0	
NCU01527	12.0	
NCU01528	0.0	
NCU01534	18.0	
NCU01545	12.0	
NCU01546		20.0
NCU01549	18.0	
NCU01551	14.0	
NCU01552	8.0	6.0
NCU01555	12.0	0.0
NCU01559	22.0	
NCU01560	18.0	
NCU01562	8.0	
NCU01565		0.0
NCU01568	10.0	
NCU01569		6.0
NCU01571	12.0	
NCU01575	2.0	
NCU01577	10.0	
NCU01589		2.0
NCU01593	8.0	
NCU01595	4.0	
NCU01606	6.0	2.0
NCU01608	2.0	
NCU01611	10.0	
NCU01612	2.0	2.0
NCU01613	0.0	
NCU01615	10.0	18.0
NCU01620	0.0	
NCU01632		10.0
NCU01634	6.0	
NCU01635	0.0	
NCU01637		4.0
NCU01638	22.0	
NCU01643	16.0	
NCU01644	10.0	
NCU01646	0.0	
NCU01647		4.0
NCU01648		0.0
NCU01650		2.0
NCU01655	20.0	
NCU01657	2.0	2.0
NCU01658	14.0	
NCU01659	18.0	0.0
NCU01660	12.0	
NCU01666	10.0	2.0
NCU01667	22.0	
NCU01669	4.0	
NCU01670	12.0	
NCU01673	12.0	
NCU01675	2.0	
NCU01678	14.0	
NCU01680	10.0	2.0
NCU01689	4.0	2.0
NCU01692	4.0	
NCU01697	20.0	
NCU01701	12.0	0.0
NCU01702	4.0	
NCU01704	10.0	10.0
NCU01705	10.0	
NCU01713	22.0	
NCU01720	22.0	22.0
NCU01725	0.0	
NCU01731	16.0	
NCU01734	14.0	
NCU01735	10.0	18.0
NCU01741	20.0	10.0
NCU01742	4.0	
NCU01744		16.0
NCU01745	14.0	4.0
NCU01747	4.0	
NCU01748		20.0
NCU01752	22.0	
NCU01753	8.0	
NCU01754		20.0
NCU01759	4.0	
NCU01764	20.0	
NCU01765		0.0
NCU01766	0.0	
NCU01767	6.0	
NCU01768	2.0	
NCU01769	6.0	
NCU01772		2.0
NCU01776	4.0	16.0
NCU01779		2.0
NCU01784	2.0	
NCU01786	0.0	2.0
NCU01789	18.0	
NCU01790	8.0	
NCU01792	10.0	4.0
NCU01793	20.0	
NCU01797		0.0
NCU01800	6.0	2.0
NCU01802	16.0	
NCU01803	10.0	
NCU01806	2.0	
NCU01807		2.0
NCU01808		2.0
NCU01812	2.0	
NCU01813	22.0	
NCU01814	20.0	
NCU01816	6.0	
NCU01817	0.0	
NCU01819	12.0	
NCU01821	4.0	14.0
NCU01824	22.0	
NCU01826	22.0	
NCU01827	2.0	
NCU01828	20.0	
NCU01831	2.0	18.0
NCU01833	10.0	
NCU01835	6.0	
NCU01838	14.0	
NCU01845	22.0	22.0
NCU01846	12.0	
NCU01854	20.0	
NCU01856	14.0	
NCU01857		0.0
NCU01859	4.0	
NCU01861	10.0	22.0
NCU01862	22.0	
NCU01869	12.0	
NCU01870	10.0	
NCU01873	12.0	
NCU01878	16.0	22.0
NCU01882	2.0	
NCU01886	4.0	
NCU01888	4.0	
NCU01893	4.0	
NCU01895	8.0	
NCU01896	8.0	
NCU01899	12.0	
NCU01900	6.0	
NCU01902	22.0	
NCU01903	22.0	
NCU01904	4.0	
NCU01905	4.0	0.0
NCU01906	14.0	22.0
NCU01910	10.0	
NCU01912		18.0
NCU01914	10.0	
NCU01919	2.0	16.0
NCU01920	8.0	
NCU01926	16.0	
NCU01927	20.0	
NCU01935	10.0	
NCU01938	8.0	
NCU01939	2.0	
NCU01940	18.0	
NCU01944	0.0	
NCU01945	10.0	
NCU01946	6.0	
NCU01948	6.0	16.0
NCU01949	6.0	
NCU01957	22.0	
NCU01958	6.0	
NCU01962	16.0	
NCU01966	6.0	16.0
NCU01967	6.0	
NCU01969	6.0	
NCU01970	2.0	
NCU01972	6.0	12.0
NCU01973	12.0	
NCU01975	4.0	12.0
NCU01976	12.0	
NCU01978	10.0	
NCU01979		0.0
NCU01981		18.0
NCU01983	4.0	
NCU01989	12.0	
NCU01990	22.0	
NCU01991	4.0	0.0
NCU01992		0.0
NCU01993	4.0	
NCU01994	8.0	
NCU01996	16.0	
NCU01998	4.0	
NCU02001	4.0	
NCU02002	2.0	
NCU02003	4.0	
NCU02004	2.0	
NCU02006		0.0
NCU02007	12.0	
NCU02009	18.0	
NCU02012	14.0	
NCU02014		20.0
NCU02017	20.0	
NCU02018		20.0
NCU02020	0.0	0.0
NCU02022	16.0	
NCU02024	14.0	
NCU02025	2.0	
NCU02026	16.0	
NCU02027	10.0	
NCU02028	16.0	14.0
NCU02031	10.0	
NCU02041	4.0	
NCU02043	8.0	
NCU02046	0.0	
NCU02051	22.0	
NCU02054	10.0	
NCU02055	20.0	
NCU02056	6.0	
NCU02057	22.0	
NCU02059	22.0	
NCU02061	22.0	
NCU02062	0.0	
NCU02065	22.0	
NCU02066	18.0	
NCU02068	4.0	
NCU02070	0.0	
NCU02071	12.0	
NCU02074	16.0	0.0
NCU02075	2.0	2.0
NCU02076	2.0	
NCU02078	16.0	
NCU02082		2.0
NCU02084	0.0	20.0
NCU02086	22.0	
NCU02090	22.0	
NCU02095	10.0	
NCU02096	14.0	2.0
NCU02097	10.0	0.0
NCU02098	6.0	12.0
NCU02099	22.0	
NCU02100	14.0	
NCU02103		6.0
NCU02105	2.0	
NCU02106	4.0	
NCU02108		6.0
NCU02109	10.0	22.0
NCU02110	2.0	
NCU02111	18.0	
NCU02112		16.0
NCU02117	0.0	4.0
NCU02119	0.0	
NCU02120	8.0	
NCU02123	14.0	
NCU02124	14.0	
NCU02126	12.0	22.0
NCU02127	4.0	
NCU02128	4.0	
NCU02134		2.0
NCU02136	10.0	
NCU02138	20.0	
NCU02139	20.0	14.0
NCU02142	22.0	
NCU02144	18.0	
NCU02145	10.0	
NCU02148		16.0
NCU02151	12.0	
NCU02152		12.0
NCU02155	22.0	
NCU02165	20.0	
NCU02167	6.0	
NCU02170	12.0	
NCU02172	16.0	
NCU02174	12.0	
NCU02175	20.0	
NCU02181	4.0	12.0
NCU02182	20.0	
NCU02184		4.0
NCU02187	22.0	
NCU02188	6.0	
NCU02190	16.0	
NCU02191	16.0	
NCU02192	0.0	
NCU02193	2.0	8.0
NCU02200		0.0
NCU02202	8.0	
NCU02207	6.0	0.0
NCU02208	4.0	
NCU02209	4.0	6.0
NCU02211	8.0	
NCU02213	8.0	
NCU02214	16.0	
NCU02220		8.0
NCU02223	22.0	
NCU02226	6.0	
NCU02227	12.0	0.0
NCU02228		18.0
NCU02230	0.0	
NCU02231		16.0
NCU02232	14.0	
NCU02236	22.0	2.0
NCU02240	14.0	
NCU02242	14.0	
NCU02243	22.0	
NCU02244	6.0	
NCU02246	4.0	
NCU02247	2.0	
NCU02250	8.0	
NCU02252	10.0	0.0
NCU02256	22.0	
NCU02257	22.0	14.0
NCU02259	0.0	
NCU02260		0.0
NCU02261	6.0	
NCU02262	2.0	
NCU02263		20.0
NCU02264	4.0	
NCU02265	14.0	
NCU02269	14.0	12.0
NCU02270	12.0	
NCU02273	8.0	
NCU02278	2.0	
NCU02280		22.0
NCU02282	18.0	
NCU02284	4.0	
NCU02286		16.0
NCU02287	20.0	10.0
NCU02291	8.0	
NCU02293		2.0
NCU02294	20.0	
NCU02295		0.0
NCU02296	22.0	
NCU02299	18.0	
NCU02301	2.0	
NCU02302	4.0	4.0
NCU02303	0.0	
NCU02305	22.0	
NCU02307	6.0	
NCU02311	10.0	
NCU02316		10.0
NCU02317	12.0	
NCU02319	2.0	
NCU02321	10.0	
NCU02322	10.0	0.0
NCU02329	10.0	
NCU02333	6.0	16.0
NCU02335	2.0	
NCU02336	0.0	
NCU02338	12.0	
NCU02342	16.0	
NCU02343	14.0	
NCU02348	4.0	
NCU02351	22.0	
NCU02356	4.0	
NCU02357	4.0	8.0
NCU02358	10.0	2.0
NCU02360	6.0	22.0
NCU02362	8.0	
NCU02363	22.0	
NCU02364	16.0	
NCU02366		2.0
NCU02369	14.0	
NCU02370	14.0	
NCU02371	10.0	
NCU02373	6.0	
NCU02375		4.0
NCU02376	2.0	
NCU02378	8.0	
NCU02381	20.0	20.0
NCU02386	10.0	
NCU02388	4.0	
NCU02390	6.0	
NCU02395	12.0	
NCU02397	10.0	
NCU02399	6.0	
NCU02400	22.0	6.0
NCU02405	2.0	
NCU02407	4.0	
NCU02408	2.0	
NCU02411	18.0	
NCU02413	16.0	
NCU02416	12.0	
NCU02417	14.0	
NCU02419	4.0	14.0
NCU02420	16.0	
NCU02422		18.0
NCU02424	20.0	
NCU02425	10.0	
NCU02428	22.0	
NCU02429	20.0	
NCU02430	10.0	4.0
NCU02432	10.0	
NCU02434	2.0	
NCU02435	4.0	
NCU02437	0.0	
NCU02450	10.0	4.0
NCU02452	20.0	
NCU02457	4.0	
NCU02459	12.0	
NCU02460	2.0	
NCU02464	10.0	0.0
NCU02466	10.0	
NCU02468	0.0	22.0
NCU02470	22.0	
NCU02472	8.0	22.0
NCU02474	6.0	
NCU02475		2.0
NCU02478	18.0	
NCU02482	6.0	
NCU02486	6.0	
NCU02490	2.0	
NCU02491	20.0	
NCU02492	2.0	
NCU02493	12.0	
NCU02494	0.0	8.0
NCU02495	2.0	
NCU02497	4.0	
NCU02499	12.0	2.0
NCU02500	6.0	
NCU02504		18.0
NCU02505	10.0	
NCU02509	4.0	
NCU02511	14.0	
NCU02513	10.0	
NCU02517	18.0	
NCU02519	18.0	18.0
NCU02520	2.0	
NCU02522	0.0	
NCU02525	10.0	
NCU02526	4.0	8.0
NCU02529	16.0	
NCU02530		2.0
NCU02531	14.0	8.0
NCU02533	4.0	
NCU02536	4.0	
NCU02539	2.0	
NCU02540	10.0	
NCU02541		22.0
NCU02542	2.0	
NCU02545		2.0
NCU02546	2.0	
NCU02549		2.0
NCU02550	16.0	
NCU02552	22.0	
NCU02553	12.0	
NCU02555	0.0	0.0
NCU02560		16.0
NCU02563	14.0	
NCU02564	10.0	
NCU02568	22.0	
NCU02570		18.0
NCU02573	6.0	
NCU02577		2.0
NCU02579	14.0	
NCU02580		12.0
NCU02583	10.0	0.0
NCU02584	22.0	
NCU02585	14.0	10.0
NCU02587	20.0	8.0
NCU02589		4.0
NCU02590	22.0	
NCU02592	0.0	
NCU02594	14.0	
NCU02595		2.0
NCU02596	10.0	
NCU02597	12.0	0.0
NCU02599	14.0	
NCU02601		0.0
NCU02602	6.0	
NCU02603	12.0	
NCU02604	0.0	
NCU02605	22.0	20.0
NCU02606		0.0
NCU02609	18.0	
NCU02610	14.0	0.0
NCU02612	2.0	
NCU02614		0.0
NCU02616	4.0	
NCU02617	0.0	
NCU02621	4.0	
NCU02623	6.0	
NCU02624		4.0
NCU02627	14.0	
NCU02629		2.0
NCU02630	12.0	
NCU02631	0.0	
NCU02636		8.0
NCU02638	14.0	
NCU02639	10.0	
NCU02640	4.0	
NCU02644	10.0	
NCU02650	2.0	
NCU02651	12.0	20.0
NCU02652	10.0	
NCU02653	12.0	
NCU02654	10.0	
NCU02657		12.0
NCU02658	14.0	
NCU02660		18.0
NCU02664	12.0	
NCU02665	14.0	
NCU02668	16.0	
NCU02671	22.0	
NCU02677		12.0
NCU02680	12.0	
NCU02684		0.0
NCU02687	4.0	
NCU02688	4.0	
NCU02689	10.0	
NCU02690	12.0	18.0
NCU02692	10.0	
NCU02695		2.0
NCU02701	4.0	18.0
NCU02702	20.0	
NCU02705	4.0	
NCU02707	4.0	10.0
NCU02711	18.0	
NCU02712	10.0	
NCU02713	8.0	
NCU02716	2.0	18.0
NCU02718	20.0	
NCU02720	0.0	12.0
NCU02724		4.0
NCU02726	20.0	2.0
NCU02729	2.0	
NCU02730	0.0	
NCU02732	20.0	
NCU02735	20.0	
NCU02739		20.0
NCU02741	2.0	
NCU02742	4.0	
NCU02743	10.0	
NCU02744	6.0	
NCU02746	2.0	20.0
NCU02748	12.0	
NCU02749	14.0	
NCU02750	20.0	4.0
NCU02754	0.0	8.0
NCU02755	4.0	
NCU02757	4.0	2.0
NCU02761	22.0	
NCU02764	12.0	
NCU02765	10.0	
NCU02767	4.0	
NCU02771		2.0
NCU02772	10.0	20.0
NCU02773	20.0	
NCU02778	10.0	4.0
NCU02781	8.0	
NCU02783	8.0	
NCU02789	2.0	
NCU02790	16.0	
NCU02793		8.0
NCU02794	0.0	
NCU02795	8.0	
NCU02797	10.0	0.0
NCU02798		0.0
NCU02800	4.0	
NCU02802	12.0	10.0
NCU02803	2.0	
NCU02804	4.0	
NCU02805	2.0	
NCU02806		8.0
NCU02807	6.0	
NCU02808	0.0	2.0
NCU02810	4.0	
NCU02811	20.0	
NCU02813	6.0	
NCU02814	6.0	
NCU02815		4.0
NCU02819	10.0	20.0
NCU02826	8.0	
NCU02829	16.0	22.0
NCU02830	20.0	
NCU02833	10.0	
NCU02834	4.0	
NCU02837	16.0	
NCU02838	0.0	
NCU02839		6.0
NCU02842	22.0	
NCU02846	10.0	
NCU02849		4.0
NCU02850	20.0	
NCU02853	18.0	
NCU02854	10.0	
NCU02876	18.0	
NCU02877	20.0	
NCU02878	22.0	
NCU02880	0.0	
NCU02882	2.0	
NCU02885	18.0	
NCU02887	10.0	10.0
NCU02888	4.0	
NCU02890	14.0	14.0
NCU02894	10.0	2.0
NCU02897	6.0	
NCU02899	10.0	
NCU02903	12.0	
NCU02904	16.0	2.0
NCU02905	6.0	
NCU02906	10.0	18.0
NCU02909	22.0	
NCU02913	8.0	
NCU02916	12.0	
NCU02917	12.0	
NCU02919	6.0	
NCU02921	2.0	
NCU02923	6.0	
NCU02924	4.0	
NCU02925	2.0	
NCU02930	22.0	
NCU02932	2.0	
NCU02934	4.0	
NCU02935	4.0	
NCU02940	20.0	
NCU02941		2.0
NCU02942	8.0	
NCU02943	8.0	
NCU02948	14.0	
NCU02950	2.0	
NCU02951	6.0	
NCU02954	16.0	14.0
NCU02955	6.0	2.0
NCU02956	20.0	
NCU02959	10.0	
NCU02976	10.0	
NCU02977	22.0	4.0
NCU02978	14.0	
NCU02980	22.0	
NCU02988	4.0	
NCU02990	22.0	
NCU02994	18.0	
NCU02997		0.0
NCU02998		10.0
NCU03004	4.0	
NCU03009	2.0	
NCU03010		2.0
NCU03011	10.0	
NCU03013		22.0
NCU03015	2.0	
NCU03016	12.0	
NCU03019	22.0	
NCU03020		20.0
NCU03021	18.0	
NCU03022	22.0	
NCU03023	10.0	0.0
NCU03030	4.0	8.0
NCU03031	20.0	
NCU03034	14.0	
NCU03035	18.0	
NCU03036	4.0	
NCU03038	6.0	
NCU03041		16.0
NCU03042	0.0	
NCU03043	4.0	
NCU03045	18.0	
NCU03051	0.0	14.0
NCU03054	22.0	
NCU03055	16.0	
NCU03058	10.0	10.0
NCU03060	4.0	
NCU03061	18.0	
NCU03063	12.0	
NCU03064	8.0	18.0
NCU03066	22.0	
NCU03068		10.0
NCU03070	12.0	
NCU03071	10.0	22.0
NCU03072	12.0	
NCU03074	16.0	
NCU03077	8.0	
NCU03078	22.0	
NCU03080	0.0	12.0
NCU03085	6.0	
NCU03086	6.0	
NCU03087	12.0	
NCU03091	8.0	
NCU03092	0.0	2.0
NCU03093	4.0	
NCU03094		12.0
NCU03098	12.0	
NCU03100	10.0	8.0
NCU03101	0.0	
NCU03102	4.0	
NCU03103	6.0	
NCU03112	6.0	
NCU03115	10.0	
NCU03116	18.0	
NCU03117	0.0	
NCU03121	22.0	
NCU03124	4.0	
NCU03126	6.0	
NCU03128	10.0	
NCU03130	10.0	
NCU03132	4.0	
NCU03135	10.0	10.0
NCU03136	0.0	2.0
NCU03137	14.0	
NCU03139	10.0	20.0
NCU03142	12.0	
NCU03145	0.0	
NCU03147		2.0
NCU03150	4.0	16.0
NCU03151	8.0	2.0
NCU03152	12.0	
NCU03154	12.0	
NCU03155	0.0	2.0
NCU03156		0.0
NCU03159	2.0	
NCU03160	6.0	
NCU03164		18.0
NCU03166	10.0	
NCU03167	22.0	
NCU03168	12.0	
NCU03171	14.0	
NCU03173	14.0	
NCU03174	22.0	
NCU03176		2.0
NCU03177	2.0	
NCU03178	4.0	18.0
NCU03180	10.0	
NCU03186	2.0	
NCU03188	6.0	12.0
NCU03191	8.0	
NCU03192	6.0	
NCU03197	22.0	
NCU03200	18.0	8.0
NCU03205	12.0	
NCU03207	6.0	
NCU03209	12.0	
NCU03211		10.0
NCU03213	12.0	20.0
NCU03216	4.0	14.0
NCU03219	20.0	12.0
NCU03220	14.0	
NCU03221	16.0	
NCU03222	4.0	
NCU03229		12.0
NCU03230	0.0	
NCU03232		0.0
NCU03234	4.0	
NCU03237	12.0	
NCU03238	22.0	
NCU03239	0.0	
NCU03240	20.0	
NCU03241	2.0	
NCU03245	4.0	
NCU03246	8.0	
NCU03248	22.0	
NCU03253	0.0	20.0
NCU03254	22.0	14.0
NCU03255	6.0	
NCU03258	4.0	
NCU03261	4.0	
NCU03263	4.0	
NCU03264	22.0	
NCU03266	0.0	
NCU03267	12.0	
NCU03268	16.0	
NCU03269	10.0	
NCU03270	22.0	
NCU03273	10.0	
NCU03274	20.0	
NCU03278	0.0	
NCU03279	12.0	
NCU03280	6.0	
NCU03281	10.0	
NCU03282	12.0	18.0
NCU03283	16.0	
NCU03284	14.0	
NCU03290	2.0	
NCU03293	22.0	
NCU03294	14.0	
NCU03297	4.0	
NCU03299	14.0	
NCU03300	14.0	
NCU03302	8.0	10.0
NCU03303		0.0
NCU03304	2.0	
NCU03308	12.0	
NCU03309		4.0
NCU03310		2.0
NCU03311	16.0	8.0
NCU03313	14.0	8.0
NCU03315	22.0	
NCU03316	12.0	
NCU03318	2.0	
NCU03320	8.0	
NCU03321	22.0	
NCU03322	16.0	
NCU03323	0.0	
NCU03329		4.0
NCU03331	12.0	
NCU03332	6.0	
NCU03333	6.0	
NCU03334	6.0	18.0
NCU03338	14.0	
NCU03339	4.0	
NCU03343	4.0	2.0
NCU03347	4.0	
NCU03352	22.0	
NCU03354	20.0	
NCU03356		10.0
NCU03357	10.0	10.0
NCU03358	6.0	20.0
NCU03360	10.0	
NCU03362	4.0	
NCU03365	12.0	
NCU03366	6.0	
NCU03372	6.0	
NCU03376	10.0	
NCU03378	12.0	
NCU03380	4.0	
NCU03381	22.0	
NCU03383	2.0	
NCU03385	4.0	4.0
NCU03387	18.0	
NCU03392	2.0	
NCU03393	4.0	
NCU03394	6.0	2.0
NCU03396	0.0	
NCU03399	4.0	
NCU03401	16.0	
NCU03405	4.0	
NCU03413	10.0	
NCU03415	4.0	
NCU03417	16.0	
NCU03418	18.0	
NCU03421	16.0	
NCU03422	22.0	
NCU03423	14.0	
NCU03424	8.0	
NCU03425		2.0
NCU03437	16.0	
NCU03438		18.0
NCU03439	14.0	
NCU03440	10.0	
NCU03441		0.0
NCU03444	2.0	
NCU03451	18.0	
NCU03458	14.0	
NCU03459	14.0	
NCU03460	12.0	
NCU03462	16.0	
NCU03463	4.0	
NCU03468	0.0	
NCU03478	22.0	
NCU03483		0.0
NCU03484	16.0	
NCU03485	16.0	
NCU03486	18.0	0.0
NCU03488	20.0	0.0
NCU03489	10.0	
NCU03491	4.0	22.0
NCU03496	10.0	
NCU03497	20.0	
NCU03500	14.0	
NCU03501	18.0	
NCU03504	4.0	
NCU03506	18.0	
NCU03509	14.0	
NCU03516	6.0	
NCU03517	12.0	
NCU03518	4.0	
NCU03523	8.0	
NCU03525		16.0
NCU03528	4.0	
NCU03530	22.0	
NCU03534		16.0
NCU03539	6.0	
NCU03542		16.0
NCU03545	8.0	
NCU03549	4.0	
NCU03555	12.0	
NCU03557	12.0	
NCU03558		8.0
NCU03560	4.0	
NCU03561	4.0	2.0
NCU03563		22.0
NCU03565	6.0	16.0
NCU03578	18.0	
NCU03590	10.0	
NCU03593	22.0	
NCU03596	0.0	
NCU03604	10.0	
NCU03605		14.0
NCU03606	4.0	
NCU03608		2.0
NCU03610	4.0	
NCU03613	0.0	
NCU03614	22.0	
NCU03616	22.0	0.0
NCU03617	12.0	
NCU03618	22.0	
NCU03621	16.0	
NCU03622	22.0	
NCU03623		14.0
NCU03625	0.0	
NCU03628	22.0	
NCU03629	6.0	
NCU03630	14.0	
NCU03631	12.0	
NCU03632		0.0
NCU03633	12.0	
NCU03634	12.0	
NCU03635	4.0	
NCU03636	16.0	
NCU03639	2.0	
NCU03643	14.0	
NCU03645	12.0	
NCU03646		0.0
NCU03647	12.0	
NCU03648	10.0	0.0
NCU03649	4.0	
NCU03650	4.0	
NCU03651		2.0
NCU03653	6.0	
NCU03658	10.0	0.0
NCU03660	12.0	
NCU03661		20.0
NCU03662	4.0	
NCU03667	18.0	
NCU03669	2.0	
NCU03670	6.0	
NCU03673	4.0	
NCU03675	6.0	
NCU03678	8.0	
NCU03682	14.0	20.0
NCU03685	8.0	
NCU03686		12.0
NCU03692		10.0
NCU03695		22.0
NCU03697	8.0	
NCU03699	22.0	
NCU03702	4.0	12.0
NCU03703	8.0	6.0
NCU03704	4.0	
NCU03711	4.0	
NCU03714	12.0	
NCU03716	22.0	
NCU03717		10.0
NCU03725		2.0
NCU03728	0.0	
NCU03730	6.0	
NCU03732		22.0
NCU03733	16.0	
NCU03736	12.0	
NCU03738	6.0	6.0
NCU03739	2.0	0.0
NCU03741	10.0	
NCU03747	4.0	
NCU03748	4.0	16.0
NCU03749	16.0	
NCU03752	6.0	
NCU03753	12.0	
NCU03754	14.0	
NCU03755	12.0	20.0
NCU03756	8.0	20.0
NCU03757	4.0	
NCU03759	6.0	
NCU03763	4.0	4.0
NCU03769	4.0	
NCU03770	22.0	
NCU03773	16.0	
NCU03774	12.0	
NCU03775	14.0	
NCU03777	4.0	2.0
NCU03778	4.0	4.0
NCU03779	10.0	0.0
NCU03780	10.0	
NCU03783	22.0	
NCU03793	10.0	
NCU03794	0.0	
NCU03796	10.0	16.0
NCU03797	10.0	
NCU03802	12.0	12.0
NCU03803	6.0	
NCU03806	6.0	
NCU03807	2.0	
NCU03808	18.0	
NCU03810	2.0	
NCU03811	10.0	
NCU03813	10.0	0.0
NCU03816	12.0	
NCU03818	22.0	
NCU03825	20.0	
NCU03827	6.0	
NCU03830	12.0	
NCU03836	2.0	
NCU03838		6.0
NCU03846	2.0	2.0
NCU03850	16.0	
NCU03851		18.0
NCU03852	0.0	
NCU03859	2.0	
NCU03860	6.0	2.0
NCU03863	2.0	
NCU03870	12.0	4.0
NCU03875		12.0
NCU03876	2.0	
NCU03877		2.0
NCU03879	4.0	
NCU03886	6.0	2.0
NCU03888	20.0	
NCU03890	16.0	12.0
NCU03893		2.0
NCU03897	4.0	
NCU03899	4.0	
NCU03901		2.0
NCU03903	4.0	
NCU03905	10.0	
NCU03906	0.0	
NCU03907	20.0	
NCU03908	10.0	18.0
NCU03909	6.0	
NCU03910	20.0	
NCU03921	20.0	
NCU03922	10.0	
NCU03924	2.0	
NCU03926	4.0	12.0
NCU03928	18.0	
NCU03929	10.0	
NCU03931	20.0	
NCU03932	14.0	
NCU03935		10.0
NCU03936		6.0
NCU03946	8.0	
NCU03947	20.0	
NCU03948	6.0	
NCU03949	10.0	22.0
NCU03950	0.0	
NCU03952	0.0	
NCU03954	4.0	6.0
NCU03956	0.0	
NCU03957		2.0
NCU03960	0.0	
NCU03961	2.0	
NCU03963	6.0	
NCU03966	4.0	
NCU03967	16.0	2.0
NCU03971		10.0
NCU03973	4.0	10.0
NCU03975	22.0	2.0
NCU03979	0.0	2.0
NCU03981	12.0	
NCU03985	10.0	
NCU03986	0.0	
NCU03988	4.0	
NCU03989	20.0	
NCU03990	8.0	
NCU03992	10.0	0.0
NCU03995		18.0
NCU03997		18.0
NCU03998	10.0	
NCU04001	18.0	
NCU04005	22.0	
NCU04007	2.0	
NCU04008	10.0	
NCU04010	6.0	
NCU04013	6.0	
NCU04015	14.0	
NCU04016	10.0	
NCU04017	2.0	
NCU04019	18.0	
NCU04022	22.0	2.0
NCU04024	2.0	
NCU04025	2.0	
NCU04030	12.0	
NCU04033	6.0	
NCU04035	22.0	
NCU04037	22.0	
NCU04039	10.0	
NCU04041	8.0	
NCU04043	16.0	
NCU04045	22.0	
NCU04046	22.0	
NCU04047	22.0	12.0
NCU04049	8.0	
NCU04053	8.0	
NCU04054	22.0	
NCU04058	22.0	
NCU04059	12.0	22.0
NCU04061	12.0	
NCU04065	12.0	
NCU04068	0.0	12.0
NCU04069		10.0
NCU04070	6.0	
NCU04071	12.0	0.0
NCU04074		2.0
NCU04075	0.0	
NCU04076	12.0	
NCU04077		18.0
NCU04078	2.0	
NCU04084	0.0	
NCU04085	6.0	
NCU04086	6.0	22.0
NCU04090	0.0	
NCU04091	6.0	
NCU04092	20.0	
NCU04097	12.0	2.0
NCU04100		6.0
NCU04102	16.0	
NCU04105	18.0	22.0
NCU04106	12.0	
NCU04108		4.0
NCU04109	10.0	
NCU04110	18.0	4.0
NCU04111	20.0	
NCU04114		0.0
NCU04115	8.0	
NCU04116		18.0
NCU04118		2.0
NCU04121	16.0	
NCU04122	4.0	
NCU04129		10.0
NCU04130	8.0	
NCU04131	4.0	
NCU04136	10.0	
NCU04138	8.0	2.0
NCU04142	14.0	
NCU04143	6.0	
NCU04144	10.0	16.0
NCU04145	2.0	
NCU04148	22.0	
NCU04150	2.0	
NCU04151		4.0
NCU04152	16.0	
NCU04154	22.0	
NCU04155	4.0	
NCU04156	20.0	2.0
NCU04158	16.0	
NCU04160	22.0	
NCU04161		20.0
NCU04163	12.0	
NCU04165	2.0	
NCU04166	6.0	16.0
NCU04170	4.0	
NCU04171	4.0	2.0
NCU04174	12.0	
NCU04175	22.0	
NCU04179	6.0	
NCU04181		2.0
NCU04185	18.0	18.0
NCU04187		22.0
NCU04189	0.0	2.0
NCU04192	2.0	
NCU04193	4.0	
NCU04194	10.0	
NCU04195	22.0	
NCU04196	22.0	
NCU04197	14.0	22.0
NCU04198		2.0
NCU04201		10.0
NCU04202		0.0
NCU04203		0.0
NCU04211	16.0	
NCU04212		16.0
NCU04213	16.0	0.0
NCU04216	0.0	
NCU04221		20.0
NCU04223	10.0	
NCU04224	2.0	
NCU04225		2.0
NCU04227	8.0	0.0
NCU04228	6.0	
NCU04230		12.0
NCU04237	10.0	
NCU04238	10.0	18.0
NCU04241	10.0	
NCU04243	20.0	
NCU04245	0.0	
NCU04246	2.0	
NCU04247	4.0	18.0
NCU04251	4.0	
NCU04252	12.0	
NCU04255	18.0	
NCU04256	10.0	
NCU04260		18.0
NCU04264	10.0	8.0
NCU04265		2.0
NCU04266	14.0	22.0
NCU04267	14.0	
NCU04268	2.0	0.0
NCU04269	12.0	
NCU04270	6.0	
NCU04277		4.0
NCU04281	6.0	
NCU04284	10.0	
NCU04285	10.0	
NCU04287	4.0	6.0
NCU04288	2.0	
NCU04289	18.0	0.0
NCU04290	18.0	
NCU04292		2.0
NCU04293	16.0	
NCU04295	16.0	
NCU04298	14.0	
NCU04301	4.0	
NCU04303	20.0	2.0
NCU04305	10.0	
NCU04306	22.0	
NCU04310	8.0	
NCU04312	20.0	
NCU04313	4.0	
NCU04314	2.0	10.0
NCU04315	0.0	
NCU04316	22.0	
NCU04317		20.0
NCU04319	0.0	
NCU04323	12.0	
NCU04325	10.0	
NCU04327	4.0	
NCU04331	4.0	10.0
NCU04333	0.0	
NCU04336	6.0	
NCU04338	4.0	
NCU04339		16.0
NCU04341	18.0	
NCU04342	4.0	
NCU04343	10.0	
NCU04345	2.0	
NCU04348	0.0	
NCU04350		14.0
NCU04352		14.0
NCU04353	14.0	
NCU04359	10.0	
NCU04362	12.0	
NCU04366	10.0	
NCU04367	14.0	
NCU04368	12.0	0.0
NCU04370	10.0	22.0
NCU04371	12.0	
NCU04373	12.0	
NCU04374	10.0	
NCU04381	6.0	
NCU04383	4.0	2.0
NCU04385	10.0	10.0
NCU04388	8.0	
NCU04389	8.0	
NCU04395	20.0	
NCU04401	12.0	
NCU04403	10.0	
NCU04406	2.0	
NCU04407	6.0	2.0
NCU04409	4.0	
NCU04410	18.0	
NCU04411	10.0	
NCU04412	2.0	12.0
NCU04414	2.0	20.0
NCU04415	12.0	
NCU04416	16.0	
NCU04419	16.0	
NCU04427	12.0	
NCU04430	12.0	
NCU04439	2.0	
NCU04442		22.0
NCU04443	10.0	14.0
NCU04444	6.0	
NCU04446	4.0	
NCU04450	16.0	
NCU04452	10.0	2.0
NCU04455	22.0	
NCU04457	18.0	
NCU04459	8.0	
NCU04460	10.0	
NCU04461	8.0	
NCU04462	4.0	
NCU04463	0.0	
NCU04466	10.0	
NCU04468	2.0	
NCU04470		2.0
NCU04472	22.0	0.0
NCU04473	4.0	
NCU04474	2.0	
NCU04478	8.0	
NCU04479		20.0
NCU04480		22.0
NCU04483	10.0	
NCU04485	4.0	
NCU04488	4.0	
NCU04493	20.0	8.0
NCU04495	0.0	
NCU04496	6.0	
NCU04499	6.0	
NCU04501	8.0	
NCU04502	8.0	4.0
NCU04503	0.0	
NCU04504	0.0	
NCU04505	14.0	
NCU04507	2.0	
NCU04508	0.0	
NCU04509	16.0	
NCU04510	12.0	0.0
NCU04513	12.0	
NCU04514	22.0	
NCU04520	12.0	
NCU04521	8.0	
NCU04525	4.0	
NCU04532	4.0	
NCU04533		2.0
NCU04538	10.0	
NCU04539	12.0	
NCU04543	22.0	
NCU04544	22.0	
NCU04545	22.0	
NCU04549	12.0	
NCU04550	8.0	
NCU04552	6.0	16.0
NCU04553	6.0	
NCU04554	22.0	
NCU04558	12.0	
NCU04569	10.0	
NCU04570	18.0	
NCU04577	2.0	
NCU04578	22.0	10.0
NCU04580	12.0	
NCU04581	16.0	
NCU04583	20.0	2.0
NCU04584	20.0	16.0
NCU04585	12.0	
NCU04589	10.0	
NCU04590	16.0	
NCU04591	10.0	
NCU04592	16.0	
NCU04594	10.0	
NCU04596	10.0	20.0
NCU04598	2.0	
NCU04600		4.0
NCU04601	12.0	
NCU04602		10.0
NCU04603	14.0	20.0
NCU04605	12.0	2.0
NCU04610	10.0	
NCU04612	4.0	
NCU04613	2.0	
NCU04615	10.0	
NCU04616	20.0	
NCU04617	22.0	
NCU04620	2.0	
NCU04621	22.0	
NCU04622	4.0	
NCU04623	12.0	
NCU04635	18.0	4.0
NCU04636	6.0	10.0
NCU04639	20.0	2.0
NCU04640	18.0	
NCU04642	12.0	
NCU04643		6.0
NCU04645	18.0	2.0
NCU04646	4.0	
NCU04647	0.0	
NCU04648	12.0	
NCU04650		12.0
NCU04651	2.0	
NCU04652	18.0	
NCU04653	22.0	
NCU04654	18.0	
NCU04655	16.0	
NCU04662	10.0	
NCU04665	14.0	
NCU04667	14.0	2.0
NCU04669	10.0	
NCU04674	10.0	
NCU04675	14.0	
NCU04676	6.0	
NCU04691	6.0	
NCU04713	10.0	
NCU04718	22.0	
NCU04721	14.0	
NCU04722	10.0	
NCU04724		0.0
NCU04725	6.0	
NCU04732	18.0	0.0
NCU04736	22.0	
NCU04738	8.0	
NCU04740	0.0	
NCU04746	18.0	
NCU04754		2.0
NCU04755	22.0	2.0
NCU04757	16.0	
NCU04760		4.0
NCU04764		14.0
NCU04765	18.0	
NCU04770		2.0
NCU04774	16.0	
NCU04775		14.0
NCU04777	14.0	
NCU04779	4.0	16.0
NCU04780	0.0	
NCU04783	22.0	
NCU04786	4.0	6.0
NCU04787	2.0	
NCU04788	2.0	
NCU04789	10.0	
NCU04790	4.0	
NCU04791	10.0	
NCU04795	6.0	
NCU04796		16.0
NCU04797	10.0	
NCU04799	0.0	2.0
NCU04800	10.0	
NCU04801	10.0	
NCU04802	10.0	
NCU04803	16.0	10.0
NCU04806	0.0	2.0
NCU04807		22.0
NCU04814	12.0	
NCU04815	10.0	
NCU04817		4.0
NCU04818	14.0	
NCU04823	12.0	
NCU04824	6.0	
NCU04826		6.0
NCU04830	10.0	
NCU04832	10.0	10.0
NCU04834	6.0	
NCU04835	16.0	
NCU04837	6.0	
NCU04838	2.0	
NCU04840	20.0	
NCU04841	18.0	
NCU04843	2.0	
NCU04847	20.0	
NCU04848	2.0	
NCU04850	20.0	
NCU04856	20.0	
NCU04857	4.0	
NCU04861	2.0	
NCU04862	8.0	
NCU04872	6.0	
NCU04880	22.0	
NCU04898	18.0	
NCU04899		2.0
NCU04903	2.0	
NCU04904	6.0	
NCU04907	16.0	20.0
NCU04908	10.0	
NCU04910	2.0	
NCU04914	16.0	
NCU04917	22.0	
NCU04921	14.0	
NCU04923	6.0	4.0
NCU04924		4.0
NCU04927	20.0	
NCU04930	2.0	22.0
NCU04931	0.0	8.0
NCU04932	0.0	10.0
NCU04939	14.0	
NCU04940	4.0	4.0
NCU04943	20.0	
NCU04949		20.0
NCU04950	16.0	
NCU04951	16.0	
NCU04952	14.0	
NCU04953	22.0	
NCU04959	4.0	
NCU04963	2.0	10.0
NCU04986	14.0	
NCU04987		10.0
NCU04990	4.0	
NCU04996	6.0	
NCU04997	18.0	
NCU05001	2.0	
NCU05005	12.0	
NCU05006	8.0	
NCU05007	10.0	2.0
NCU05008	14.0	
NCU05009	20.0	
NCU05018		18.0
NCU05019	6.0	
NCU05020	2.0	
NCU05023	0.0	
NCU05028	8.0	
NCU05029	10.0	
NCU05032	2.0	
NCU05038	10.0	
NCU05039	14.0	
NCU05040	12.0	
NCU05041	10.0	
NCU05043	8.0	
NCU05044	8.0	
NCU05046	2.0	
NCU05049	8.0	
NCU05050	6.0	
NCU05060	22.0	
NCU05062		2.0
NCU05063	12.0	
NCU05064	8.0	
NCU05066	10.0	
NCU05068	4.0	
NCU05069	10.0	4.0
NCU05075	14.0	16.0
NCU05076	12.0	2.0
NCU05077	4.0	12.0
NCU05079	6.0	4.0
NCU05082	10.0	
NCU05084	10.0	6.0
NCU05089	4.0	
NCU05099	10.0	
NCU05107	18.0	
NCU05118	14.0	
NCU05119	6.0	2.0
NCU05120	4.0	
NCU05123	22.0	
NCU05129	10.0	
NCU05134	6.0	6.0
NCU05135	8.0	12.0
NCU05136	6.0	
NCU05141	12.0	
NCU05142	10.0	
NCU05143	14.0	
NCU05146	12.0	
NCU05147	14.0	
NCU05148	10.0	
NCU05149	4.0	
NCU05151		0.0
NCU05153	18.0	20.0
NCU05154		0.0
NCU05157	14.0	
NCU05160	14.0	14.0
NCU05161	14.0	
NCU05164		16.0
NCU05169	12.0	
NCU05180	4.0	
NCU05182	2.0	
NCU05183	2.0	
NCU05185	10.0	0.0
NCU05188		0.0
NCU05194	4.0	12.0
NCU05195	10.0	
NCU05196		16.0
NCU05198	10.0	
NCU05200	4.0	
NCU05202	20.0	
NCU05203	12.0	
NCU05206	16.0	
NCU05210	22.0	
NCU05217		10.0
NCU05218	2.0	
NCU05219		10.0
NCU05221	14.0	22.0
NCU05225	6.0	
NCU05226	10.0	12.0
NCU05228	8.0	
NCU05229	10.0	
NCU05232	18.0	
NCU05233	2.0	
NCU05234	16.0	
NCU05235	2.0	
NCU05236	6.0	6.0
NCU05245	12.0	
NCU05246	20.0	
NCU05248	6.0	
NCU05255	12.0	
NCU05256	12.0	
NCU05257	10.0	
NCU05259	4.0	4.0
NCU05263	6.0	
NCU05265	12.0	
NCU05268	12.0	
NCU05270		12.0
NCU05271	14.0	
NCU05274	2.0	
NCU05276	20.0	
NCU05277	18.0	
NCU05278	20.0	0.0
NCU05279	12.0	
NCU05284	22.0	
NCU05285	18.0	
NCU05286	10.0	
NCU05287	6.0	
NCU05288	22.0	0.0
NCU05289	22.0	
NCU05290	4.0	12.0
NCU05291	16.0	
NCU05292	14.0	
NCU05293	0.0	
NCU05294	18.0	
NCU05301	22.0	
NCU05302	0.0	
NCU05303	22.0	0.0
NCU05304	2.0	2.0
NCU05306	10.0	
NCU05308	0.0	
NCU05311	6.0	
NCU05312	4.0	
NCU05314	2.0	
NCU05316	6.0	
NCU05321	0.0	
NCU05338	6.0	
NCU05341	10.0	
NCU05342		0.0
NCU05343	16.0	0.0
NCU05345	14.0	
NCU05347	8.0	
NCU05349	2.0	
NCU05360		18.0
NCU05364	2.0	2.0
NCU05370	22.0	
NCU05373	2.0	
NCU05384	12.0	
NCU05386	18.0	
NCU05387	12.0	2.0
NCU05390		12.0
NCU05394	2.0	
NCU05400		22.0
NCU05401	20.0	
NCU05404	22.0	
NCU05410		12.0
NCU05411	8.0	
NCU05414	2.0	
NCU05418	20.0	
NCU05419	10.0	22.0
NCU05420		14.0
NCU05421	6.0	
NCU05426	12.0	
NCU05427	4.0	
NCU05429	2.0	
NCU05433	0.0	
NCU05453	22.0	8.0
NCU05454	10.0	2.0
NCU05458	0.0	
NCU05485	6.0	
NCU05490	14.0	
NCU05491	8.0	
NCU05492	10.0	
NCU05493	4.0	
NCU05495		22.0
NCU05498	6.0	10.0
NCU05499	0.0	
NCU05501	14.0	0.0
NCU05507	14.0	
NCU05508	22.0	
NCU05515	6.0	
NCU05516		4.0
NCU05517	20.0	
NCU05519	4.0	
NCU05520	4.0	
NCU05522		14.0
NCU05524	12.0	6.0
NCU05525	14.0	
NCU05532	8.0	
NCU05535	16.0	22.0
NCU05537	4.0	
NCU05541		2.0
NCU05542	22.0	2.0
NCU05545	12.0	
NCU05550	8.0	
NCU05552	6.0	2.0
NCU05553		12.0
NCU05554	6.0	16.0
NCU05555	12.0	
NCU05557	14.0	
NCU05558	6.0	
NCU05560	8.0	
NCU05561	16.0	
NCU05563	16.0	
NCU05567	2.0	
NCU05569	18.0	
NCU05571	4.0	
NCU05575	22.0	
NCU05577		0.0
NCU05579	8.0	
NCU05581	6.0	
NCU05582	10.0	
NCU05583	12.0	
NCU05588	0.0	
NCU05591	4.0	
NCU05592	4.0	
NCU05593	10.0	
NCU05594	10.0	
NCU05597	12.0	
NCU05598	14.0	
NCU05599	0.0	
NCU05600	8.0	2.0
NCU05605		4.0
NCU05606		0.0
NCU05620	4.0	
NCU05623	20.0	2.0
NCU05624	12.0	
NCU05625	16.0	
NCU05627	10.0	
NCU05631	12.0	
NCU05632	0.0	
NCU05635		10.0
NCU05638	20.0	
NCU05642	4.0	
NCU05647	12.0	
NCU05649	14.0	
NCU05650	0.0	
NCU05652	12.0	
NCU05664	22.0	
NCU05680	22.0	
NCU05681	22.0	
NCU05683		4.0
NCU05686	22.0	
NCU05689	14.0	
NCU05691	22.0	
NCU05692		4.0
NCU05695	14.0	
NCU05706		2.0
NCU05714	8.0	
NCU05716	12.0	18.0
NCU05717	0.0	10.0
NCU05718	12.0	0.0
NCU05720	20.0	
NCU05726	22.0	
NCU05731		6.0
NCU05733		6.0
NCU05735	10.0	
NCU05750	16.0	
NCU05752	12.0	
NCU05754	6.0	
NCU05755	2.0	
NCU05756	6.0	
NCU05757	6.0	
NCU05766	4.0	
NCU05767	6.0	
NCU05771	10.0	
NCU05772	22.0	
NCU05775	4.0	
NCU05776	18.0	
NCU05777	4.0	
NCU05778	6.0	2.0
NCU05780	14.0	
NCU05781	22.0	
NCU05782	4.0	2.0
NCU05784	22.0	
NCU05786	18.0	
NCU05788	22.0	
NCU05789	20.0	22.0
NCU05797		2.0
NCU05798	0.0	
NCU05800		16.0
NCU05802		18.0
NCU05803		0.0
NCU05804	0.0	
NCU05807	18.0	0.0
NCU05810	4.0	
NCU05813		12.0
NCU05816	14.0	
NCU05817	6.0	
NCU05819		12.0
NCU05820	0.0	
NCU05821	20.0	
NCU05828	6.0	
NCU05829	18.0	
NCU05830	20.0	
NCU05832	4.0	6.0
NCU05833	4.0	
NCU05834	2.0	
NCU05835	4.0	
NCU05836	6.0	
NCU05837	2.0	18.0
NCU05838	12.0	
NCU05840	10.0	
NCU05841	14.0	
NCU05842	12.0	
NCU05843	14.0	
NCU05844	14.0	2.0
NCU05848	16.0	
NCU05850		0.0
NCU05851	16.0	
NCU05852	14.0	
NCU05853	12.0	
NCU05854	16.0	
NCU05855	22.0	
NCU05856	18.0	
NCU05865	4.0	12.0
NCU05873	12.0	
NCU05876	10.0	
NCU05878	20.0	
NCU05880	12.0	
NCU05882	14.0	
NCU05883	8.0	
NCU05884	10.0	
NCU05889	4.0	
NCU05890	2.0	2.0
NCU05891	22.0	
NCU05893	4.0	
NCU05894	2.0	
NCU05895	14.0	16.0
NCU05897	4.0	
NCU05899	6.0	
NCU05901	4.0	
NCU05902	14.0	
NCU05919	8.0	
NCU05921	6.0	16.0
NCU05924	2.0	
NCU05936	0.0	
NCU05937		22.0
NCU05939	8.0	
NCU05942		0.0
NCU05945	2.0	
NCU05948	2.0	
NCU05950	20.0	
NCU05951	6.0	
NCU05953	12.0	
NCU05955	4.0	
NCU05956	10.0	
NCU05958	2.0	
NCU05959		16.0
NCU05965	12.0	
NCU05970	8.0	
NCU05971		8.0
NCU05972	18.0	
NCU05974	22.0	
NCU05976	6.0	
NCU05977	6.0	
NCU05979	10.0	14.0
NCU05981	10.0	
NCU05982	10.0	
NCU05984	0.0	
NCU05985	14.0	0.0
NCU05987	18.0	
NCU05988	8.0	16.0
NCU05991	0.0	
NCU05994	6.0	2.0
NCU05996	22.0	
NCU06001	4.0	
NCU06003	22.0	
NCU06005	10.0	
NCU06006	0.0	
NCU06009	10.0	0.0
NCU06010	16.0	
NCU06013	10.0	
NCU06017		2.0
NCU06018	12.0	
NCU06020	16.0	0.0
NCU06021	6.0	
NCU06023	4.0	
NCU06027	14.0	
NCU06029	16.0	
NCU06031	4.0	
NCU06034	4.0	
NCU06035	6.0	
NCU06038	0.0	
NCU06042	0.0	0.0
NCU06043	0.0	
NCU06047	6.0	
NCU06048	2.0	
NCU06052		22.0
NCU06054		16.0
NCU06056	4.0	
NCU06057		20.0
NCU06061	10.0	0.0
NCU06062	16.0	22.0
NCU06063	10.0	
NCU06065	0.0	
NCU06066	4.0	
NCU06069	0.0	
NCU06071	10.0	
NCU06075	22.0	0.0
NCU06076	22.0	
NCU06077	18.0	
NCU06080	14.0	
NCU06081	12.0	
NCU06086	6.0	
NCU06090	2.0	
NCU06095	6.0	14.0
NCU06101	0.0	2.0
NCU06103	2.0	
NCU06104	2.0	
NCU06106	10.0	
NCU06107	6.0	
NCU06108	12.0	16.0
NCU06109	10.0	
NCU06110	6.0	18.0
NCU06111	12.0	0.0
NCU06112		12.0
NCU06118	0.0	
NCU06120	12.0	18.0
NCU06121	12.0	
NCU06123	14.0	10.0
NCU06125	10.0	
NCU06128	16.0	
NCU06130	22.0	
NCU06131	10.0	22.0
NCU06132	10.0	22.0
NCU06137	10.0	18.0
NCU06141	16.0	
NCU06142	4.0	
NCU06143	16.0	
NCU06146	6.0	
NCU06150	16.0	
NCU06152	0.0	
NCU06153	2.0	
NCU06156	6.0	
NCU06165	12.0	
NCU06168		4.0
NCU06171		4.0
NCU06173	20.0	
NCU06175		14.0
NCU06177	10.0	
NCU06179	18.0	
NCU06181	18.0	
NCU06182	22.0	
NCU06183	16.0	
NCU06186	22.0	
NCU06187	2.0	2.0
NCU06189		2.0
NCU06190	6.0	
NCU06191	20.0	20.0
NCU06192	18.0	
NCU06194	12.0	
NCU06198	0.0	14.0
NCU06199	18.0	
NCU06200	14.0	
NCU06201	12.0	2.0
NCU06202		0.0
NCU06203	8.0	
NCU06205		0.0
NCU06210	6.0	16.0
NCU06214	6.0	
NCU06216		6.0
NCU06217	22.0	
NCU06218	6.0	20.0
NCU06220	14.0	2.0
NCU06226	6.0	16.0
NCU06227	8.0	
NCU06230	8.0	
NCU06232	10.0	
NCU06235	22.0	
NCU06237	12.0	
NCU06239	14.0	
NCU06240	10.0	
NCU06242	6.0	
NCU06243		14.0
NCU06244		4.0
NCU06246		2.0
NCU06248	10.0	
NCU06250	22.0	
NCU06253	22.0	
NCU06255	6.0	
NCU06256	10.0	
NCU06261	4.0	
NCU06262	6.0	
NCU06264	12.0	
NCU06265	10.0	4.0
NCU06267	0.0	
NCU06268	2.0	20.0
NCU06269	2.0	
NCU06270	6.0	2.0
NCU06271	12.0	
NCU06272	0.0	
NCU06273	22.0	
NCU06276	12.0	
NCU06279	4.0	
NCU06283	16.0	
NCU06290	10.0	
NCU06296	4.0	0.0
NCU06300	6.0	
NCU06301	10.0	
NCU06302	10.0	
NCU06303	10.0	22.0
NCU06305	8.0	
NCU06307	10.0	
NCU06308	0.0	
NCU06310		20.0
NCU06311	12.0	
NCU06312	8.0	
NCU06320	2.0	
NCU06326	14.0	
NCU06327	14.0	22.0
NCU06328	18.0	
NCU06331	12.0	
NCU06334	2.0	
NCU06336	4.0	
NCU06337	10.0	
NCU06338	2.0	14.0
NCU06341	22.0	
NCU06342	20.0	
NCU06343	6.0	
NCU06344	0.0	22.0
NCU06347	10.0	2.0
NCU06351	12.0	
NCU06354	0.0	
NCU06358	20.0	
NCU06361		2.0
NCU06362	0.0	
NCU06364	12.0	
NCU06365	12.0	
NCU06366	18.0	
NCU06368	20.0	
NCU06369	14.0	
NCU06373	18.0	
NCU06376	18.0	
NCU06385	16.0	
NCU06387	6.0	
NCU06391	10.0	
NCU06396	10.0	
NCU06397	2.0	0.0
NCU06398	14.0	
NCU06399	0.0	
NCU06403	4.0	
NCU06404	20.0	
NCU06409	18.0	
NCU06410		8.0
NCU06414	8.0	
NCU06418	18.0	
NCU06419	22.0	20.0
NCU06421	6.0	
NCU06424	2.0	
NCU06425	20.0	
NCU06428	4.0	
NCU06430	18.0	
NCU06431	6.0	10.0
NCU06432	6.0	
NCU06433		12.0
NCU06437	22.0	
NCU06439	4.0	
NCU06440	20.0	
NCU06441		12.0
NCU06443	22.0	
NCU06447	12.0	14.0
NCU06448	12.0	
NCU06450	20.0	
NCU06451	4.0	2.0
NCU06452	6.0	
NCU06459		6.0
NCU06460		22.0
NCU06461	6.0	2.0
NCU06467	18.0	
NCU06468		12.0
NCU06469	4.0	2.0
NCU06471	14.0	
NCU06472	6.0	
NCU06473	22.0	
NCU06478	0.0	
NCU06481	4.0	
NCU06482	4.0	12.0
NCU06485	0.0	
NCU06488		22.0
NCU06489	22.0	
NCU06493	22.0	6.0
NCU06496	16.0	
NCU06497	12.0	16.0
NCU06498	14.0	
NCU06506	10.0	2.0
NCU06509	12.0	
NCU06512	0.0	2.0
NCU06514	0.0	
NCU06520	2.0	
NCU06523	4.0	
NCU06530	16.0	
NCU06532		2.0
NCU06534		18.0
NCU06536	4.0	14.0
NCU06537	14.0	
NCU06541		14.0
NCU06542	6.0	2.0
NCU06544	22.0	20.0
NCU06546	10.0	
NCU06550	10.0	2.0
NCU06554		2.0
NCU06556	6.0	
NCU06558		2.0
NCU06561	22.0	
NCU06569	12.0	
NCU06575	14.0	
NCU06576	12.0	
NCU06578		0.0
NCU06581	16.0	
NCU06585	12.0	
NCU06586	2.0	
NCU06587	10.0	
NCU06589	22.0	
NCU06593	18.0	
NCU06597	14.0	
NCU06601	12.0	
NCU06602	20.0	
NCU06603	2.0	4.0
NCU06610	2.0	
NCU06613	2.0	
NCU06617		12.0
NCU06618	12.0	
NCU06619	20.0	
NCU06622	2.0	20.0
NCU06623	6.0	
NCU06627	4.0	
NCU06628	22.0	
NCU06629	12.0	
NCU06630		8.0
NCU06632	6.0	
NCU06637	12.0	12.0
NCU06643	12.0	14.0
NCU06645	20.0	
NCU06646		12.0
NCU06647		16.0
NCU06649	0.0	
NCU06651	0.0	
NCU06652	10.0	
NCU06655	8.0	
NCU06656	8.0	
NCU06658	4.0	20.0
NCU06661	6.0	
NCU06662	4.0	
NCU06663		16.0
NCU06664	10.0	
NCU06666		2.0
NCU06669	22.0	
NCU06672	10.0	
NCU06673	2.0	
NCU06674	6.0	
NCU06676	10.0	
NCU06677	14.0	
NCU06679	4.0	
NCU06682	12.0	
NCU06684		18.0
NCU06687	12.0	20.0
NCU06688	20.0	
NCU06697	20.0	4.0
NCU06699	6.0	
NCU06700		14.0
NCU06710	4.0	
NCU06712	6.0	0.0
NCU06717	16.0	20.0
NCU06721		4.0
NCU06722	10.0	20.0
NCU06724		12.0
NCU06727	4.0	18.0
NCU06729	18.0	0.0
NCU06731	18.0	
NCU06732	6.0	
NCU06737	22.0	
NCU06738	14.0	0.0
NCU06740		16.0
NCU06743	6.0	
NCU06745		8.0
NCU06746	10.0	2.0
NCU06747	20.0	
NCU06751		4.0
NCU06756	18.0	
NCU06759	10.0	
NCU06760	10.0	2.0
NCU06761		20.0
NCU06762	22.0	
NCU06763		2.0
NCU06766	12.0	
NCU06768	6.0	2.0
NCU06769	4.0	
NCU06771	20.0	4.0
NCU06772	22.0	
NCU06774	20.0	
NCU06776	2.0	
NCU06777	20.0	
NCU06780	16.0	
NCU06781	0.0	
NCU06782	12.0	
NCU06783	6.0	4.0
NCU06785	4.0	6.0
NCU06786	2.0	2.0
NCU06787	20.0	
NCU06793	0.0	
NCU06799	22.0	
NCU06801	14.0	
NCU06803	14.0	
NCU06809	12.0	
NCU06812	2.0	
NCU06821	18.0	12.0
NCU06824	20.0	
NCU06832	18.0	22.0
NCU06833	10.0	
NCU06834	0.0	
NCU06836	18.0	12.0
NCU06838		2.0
NCU06842		0.0
NCU06843	6.0	16.0
NCU06844	12.0	
NCU06845	22.0	
NCU06846	0.0	
NCU06847	4.0	
NCU06850	0.0	
NCU06851	22.0	
NCU06853	16.0	
NCU06854	2.0	
NCU06857	20.0	
NCU06859		12.0
NCU06861	16.0	
NCU06862	18.0	16.0
NCU06864	16.0	
NCU06868		22.0
NCU06870	16.0	2.0
NCU06876	10.0	0.0
NCU06877	6.0	
NCU06880	14.0	2.0
NCU06881	10.0	
NCU06882	10.0	
NCU06884	6.0	
NCU06890	12.0	
NCU06892	4.0	10.0
NCU06895	0.0	
NCU06906	14.0	
NCU06907	14.0	
NCU06908	8.0	
NCU06910		0.0
NCU06911	10.0	
NCU06912		4.0
NCU06913	12.0	
NCU06914		0.0
NCU06915	14.0	2.0
NCU06918	4.0	
NCU06923	22.0	8.0
NCU06924	22.0	2.0
NCU06926	20.0	
NCU06928	22.0	
NCU06929		2.0
NCU06931	12.0	
NCU06934	18.0	6.0
NCU06935	6.0	
NCU06939	6.0	20.0
NCU06940	6.0	
NCU06941		2.0
NCU06943	18.0	12.0
NCU06944	18.0	
NCU06945	14.0	0.0
NCU06946	14.0	
NCU06948	0.0	
NCU06949	12.0	
NCU06951	22.0	
NCU06957	10.0	
NCU06958	6.0	12.0
NCU06959	2.0	4.0
NCU06960	12.0	
NCU06961	16.0	
NCU06966		8.0
NCU06970	20.0	12.0
NCU06977	10.0	
NCU06978	12.0	
NCU06980	4.0	
NCU06981	16.0	
NCU06986		4.0
NCU06987	20.0	
NCU06989	6.0	
NCU06990	22.0	
NCU06991	22.0	
NCU06994		0.0
NCU06998		20.0
NCU06999	18.0	
NCU07001	0.0	2.0
NCU07003	12.0	0.0
NCU07004	10.0	
NCU07007	12.0	
NCU07009	14.0	
NCU07010		12.0
NCU07011	4.0	
NCU07014	6.0	
NCU07015	4.0	
NCU07017	18.0	
NCU07018	18.0	
NCU07020	16.0	
NCU07021	8.0	
NCU07022	14.0	
NCU07023	12.0	
NCU07024	2.0	
NCU07027	12.0	0.0
NCU07028	10.0	
NCU07030	10.0	
NCU07032	14.0	
NCU07033	12.0	14.0
NCU07034	12.0	
NCU07035	12.0	
NCU07041	2.0	
NCU07042	12.0	
NCU07049	16.0	
NCU07050	14.0	
NCU07051	12.0	
NCU07053	14.0	0.0
NCU07057		2.0
NCU07058	2.0	
NCU07059	10.0	0.0
NCU07061	10.0	0.0
NCU07063	20.0	4.0
NCU07064	14.0	14.0
NCU07066	16.0	
NCU07067	16.0	
NCU07068	10.0	
NCU07070	18.0	
NCU07073	2.0	
NCU07075		4.0
NCU07080	10.0	
NCU07081	14.0	
NCU07082		10.0
NCU07083	6.0	
NCU07098	12.0	
NCU07100		0.0
NCU07107	10.0	
NCU07108	18.0	
NCU07115	2.0	
NCU07117	8.0	
NCU07119	10.0	
NCU07120	10.0	
NCU07121	18.0	
NCU07124	20.0	
NCU07125	14.0	
NCU07129	20.0	10.0
NCU07130	20.0	
NCU07138	14.0	
NCU07139	22.0	
NCU07140	20.0	
NCU07141	20.0	
NCU07142	12.0	
NCU07153	0.0	
NCU07157	12.0	
NCU07159	8.0	
NCU07165	12.0	
NCU07166	22.0	
NCU07167		10.0
NCU07169	2.0	6.0
NCU07170	4.0	
NCU07171		20.0
NCU07174		22.0
NCU07175	4.0	
NCU07176	2.0	
NCU07178	4.0	
NCU07182	6.0	10.0
NCU07188	20.0	2.0
NCU07191	20.0	
NCU07192		0.0
NCU07196	12.0	
NCU07200	6.0	
NCU07221	10.0	20.0
NCU07222	14.0	
NCU07232	12.0	
NCU07233	10.0	
NCU07240	10.0	12.0
NCU07242		10.0
NCU07252	12.0	
NCU07253	12.0	
NCU07257		6.0
NCU07259	22.0	
NCU07262	4.0	
NCU07263		12.0
NCU07264	4.0	
NCU07266	6.0	
NCU07267	10.0	2.0
NCU07271	2.0	
NCU07273	10.0	
NCU07274	10.0	
NCU07277	10.0	20.0
NCU07281	10.0	0.0
NCU07286		0.0
NCU07287	6.0	
NCU07296	18.0	12.0
NCU07298	10.0	
NCU07299	14.0	
NCU07301	6.0	
NCU07305	8.0	
NCU07307	4.0	
NCU07308	22.0	
NCU07310	12.0	
NCU07311	6.0	
NCU07313	0.0	
NCU07314	8.0	
NCU07318	10.0	
NCU07319		0.0
NCU07320		2.0
NCU07322	12.0	
NCU07325	14.0	
NCU07326	0.0	
NCU07331	4.0	
NCU07332	10.0	22.0
NCU07333	12.0	
NCU07334	4.0	
NCU07338	10.0	20.0
NCU07340	16.0	
NCU07342	16.0	
NCU07343	4.0	
NCU07345	10.0	
NCU07348	2.0	
NCU07349	12.0	2.0
NCU07352	6.0	
NCU07359	12.0	
NCU07360	6.0	
NCU07361	20.0	14.0
NCU07362	0.0	16.0
NCU07363		12.0
NCU07365	4.0	22.0
NCU07367	2.0	22.0
NCU07374	10.0	
NCU07379	22.0	2.0
NCU07380	4.0	10.0
NCU07384	22.0	
NCU07385	8.0	
NCU07386	4.0	
NCU07387	18.0	
NCU07388	20.0	
NCU07389	20.0	
NCU07392	18.0	
NCU07393	4.0	
NCU07396	16.0	
NCU07398	8.0	
NCU07399	22.0	
NCU07400		18.0
NCU07402	14.0	
NCU07404	20.0	22.0
NCU07405	4.0	
NCU07406	8.0	
NCU07407	2.0	
NCU07408	6.0	
NCU07409	18.0	
NCU07411	14.0	
NCU07413	6.0	
NCU07414	22.0	
NCU07416	12.0	
NCU07417		12.0
NCU07418	2.0	
NCU07419	10.0	
NCU07421	6.0	
NCU07422	10.0	
NCU07424	10.0	
NCU07425	18.0	
NCU07430	18.0	
NCU07432	20.0	
NCU07433	10.0	
NCU07434	2.0	2.0
NCU07436		14.0
NCU07437	6.0	
NCU07439		0.0
NCU07440	6.0	
NCU07442	16.0	
NCU07446	4.0	0.0
NCU07448	8.0	
NCU07452		4.0
NCU07453	2.0	4.0
NCU07456	16.0	
NCU07459	4.0	2.0
NCU07460	16.0	
NCU07465	10.0	
NCU07467	10.0	0.0
NCU07468	12.0	0.0
NCU07474	14.0	
NCU07478	8.0	
NCU07481	14.0	22.0
NCU07482	4.0	
NCU07484	0.0	
NCU07491	20.0	
NCU07493		2.0
NCU07495	10.0	22.0
NCU07503		10.0
NCU07504		2.0
NCU07506	12.0	12.0
NCU07511	4.0	
NCU07521	22.0	
NCU07523	22.0	6.0
NCU07532	12.0	
NCU07533	12.0	
NCU07534	18.0	
NCU07535	18.0	
NCU07537	16.0	
NCU07539	22.0	
NCU07540	18.0	
NCU07541	12.0	
NCU07543	18.0	
NCU07544		2.0
NCU07547	2.0	
NCU07548	14.0	
NCU07549	6.0	
NCU07550	10.0	0.0
NCU07551	10.0	12.0
NCU07553	18.0	4.0
NCU07556		4.0
NCU07558	8.0	
NCU07560	2.0	12.0
NCU07562	4.0	6.0
NCU07564	14.0	
NCU07567	2.0	
NCU07568	8.0	
NCU07569	14.0	
NCU07572	0.0	
NCU07575	16.0	
NCU07580	2.0	0.0
NCU07585		2.0
NCU07587	8.0	
NCU07590	18.0	22.0
NCU07606		14.0
NCU07607	10.0	
NCU07608	12.0	
NCU07609	10.0	
NCU07616	6.0	
NCU07626	12.0	
NCU07652	18.0	
NCU07657	10.0	
NCU07659		2.0
NCU07661	10.0	
NCU07665	16.0	
NCU07668	22.0	
NCU07670	22.0	2.0
NCU07672	16.0	
NCU07675	18.0	
NCU07678	18.0	
NCU07679	4.0	
NCU07682	14.0	
NCU07688	18.0	
NCU07691	10.0	
NCU07692	18.0	
NCU07694	6.0	
NCU07697	4.0	
NCU07699	6.0	
NCU07700	2.0	
NCU07701		18.0
NCU07702	12.0	
NCU07710	12.0	
NCU07712	12.0	
NCU07713	16.0	
NCU07714		4.0
NCU07716	16.0	
NCU07717	4.0	
NCU07719	12.0	
NCU07721	2.0	
NCU07723	10.0	0.0
NCU07724	2.0	
NCU07725	0.0	
NCU07726	4.0	
NCU07727	12.0	6.0
NCU07730	12.0	
NCU07731	2.0	
NCU07732		10.0
NCU07733	6.0	
NCU07734		0.0
NCU07735	0.0	
NCU07736	18.0	
NCU07737	16.0	18.0
NCU07738	10.0	
NCU07739	16.0	
NCU07740	10.0	
NCU07741	4.0	
NCU07743	22.0	
NCU07747	14.0	
NCU07751	14.0	
NCU07755	18.0	
NCU07756	22.0	
NCU07762	12.0	
NCU07767	18.0	
NCU07768	6.0	
NCU07769	6.0	
NCU07773	10.0	0.0
NCU07775		20.0
NCU07776	12.0	
NCU07782	10.0	
NCU07783	14.0	
NCU07787	8.0	
NCU07791	12.0	
NCU07794	4.0	
NCU07795	18.0	
NCU07798	6.0	
NCU07802	6.0	14.0
NCU07804	4.0	
NCU07806	14.0	
NCU07807	0.0	
NCU07811	12.0	
NCU07814	4.0	
NCU07816	16.0	
NCU07817		4.0
NCU07818	12.0	
NCU07821	12.0	
NCU07826	4.0	
NCU07827	6.0	
NCU07829	4.0	16.0
NCU07830	6.0	
NCU07831	4.0	
NCU07832		6.0
NCU07839	0.0	
NCU07840	22.0	
NCU07842	22.0	
NCU07846	22.0	4.0
NCU07849	10.0	18.0
NCU07850	22.0	
NCU07852	2.0	
NCU07855	6.0	2.0
NCU07857	6.0	16.0
NCU07859	0.0	
NCU07860	12.0	2.0
NCU07868		12.0
NCU07869	20.0	
NCU07870	6.0	
NCU07871	20.0	
NCU07872	8.0	
NCU07874	4.0	
NCU07875	8.0	
NCU07876	0.0	
NCU07878	4.0	
NCU07879		4.0
NCU07880	0.0	
NCU07881	20.0	
NCU07883	8.0	10.0
NCU07884		2.0
NCU07885	0.0	
NCU07887	16.0	
NCU07888	12.0	
NCU07889		2.0
NCU07891	4.0	
NCU07895	0.0	
NCU07904	4.0	
NCU07906	10.0	
NCU07907	12.0	
NCU07910		0.0
NCU07911	6.0	
NCU07914		18.0
NCU07915	12.0	
NCU07921	14.0	
NCU07922	22.0	
NCU07923	12.0	
NCU07925	12.0	20.0
NCU07926	18.0	
NCU07927	10.0	
NCU07929	4.0	
NCU07930	4.0	
NCU07931		0.0
NCU07933		12.0
NCU07935	12.0	
NCU07936	4.0	
NCU07938	20.0	
NCU07940	12.0	
NCU07941	20.0	
NCU07945	8.0	
NCU07947	10.0	
NCU07948	6.0	
NCU07949		6.0
NCU07951	20.0	
NCU07952	20.0	6.0
NCU07953	22.0	
NCU07956	2.0	
NCU07958	10.0	10.0
NCU07959		2.0
NCU07962	12.0	20.0
NCU07965		0.0
NCU07971		20.0
NCU07972		0.0
NCU07974	22.0	
NCU07976	18.0	
NCU07977	18.0	
NCU07981	10.0	
NCU07985	6.0	
NCU07988	0.0	2.0
NCU07991	14.0	
NCU07992	14.0	
NCU07993	14.0	
NCU07994	22.0	
NCU07996		6.0
NCU07997	18.0	0.0
NCU07998		22.0
NCU07999	22.0	
NCU08000	18.0	
NCU08001		18.0
NCU08003	2.0	
NCU08004	10.0	
NCU08005	0.0	
NCU08008	16.0	0.0
NCU08009		8.0
NCU08013	18.0	
NCU08017	16.0	
NCU08018	8.0	
NCU08021	10.0	
NCU08022	0.0	
NCU08023	10.0	
NCU08026	6.0	10.0
NCU08033	12.0	
NCU08035	10.0	
NCU08037	16.0	
NCU08038	6.0	
NCU08040	4.0	12.0
NCU08044	10.0	18.0
NCU08046	6.0	6.0
NCU08048	14.0	
NCU08049	12.0	
NCU08050	14.0	
NCU08052		8.0
NCU08057	10.0	6.0
NCU08058	0.0	
NCU08060	2.0	
NCU08062	22.0	
NCU08064	12.0	14.0
NCU08066	22.0	
NCU08068	0.0	
NCU08070	12.0	0.0
NCU08071		12.0
NCU08090	10.0	
NCU08091	12.0	
NCU08092		10.0
NCU08093	14.0	
NCU08094		18.0
NCU08095	10.0	20.0
NCU08099	6.0	
NCU08102	20.0	
NCU08110	10.0	6.0
NCU08111	6.0	2.0
NCU08112	6.0	
NCU08117	12.0	
NCU08119	4.0	14.0
NCU08120	0.0	
NCU08121	16.0	
NCU08124	16.0	
NCU08125	16.0	
NCU08126	10.0	
NCU08133	10.0	
NCU08135	6.0	
NCU08136		8.0
NCU08138	16.0	2.0
NCU08145	12.0	
NCU08146	12.0	14.0
NCU08147	6.0	
NCU08148	4.0	
NCU08151	4.0	
NCU08153	14.0	
NCU08155	6.0	
NCU08157	12.0	
NCU08158		2.0
NCU08159	16.0	
NCU08167		0.0
NCU08168	10.0	
NCU08169	22.0	
NCU08170	22.0	
NCU08171	2.0	
NCU08173	6.0	
NCU08174	6.0	
NCU08176	14.0	
NCU08179	10.0	
NCU08186	0.0	
NCU08187	8.0	
NCU08190	12.0	
NCU08197	10.0	
NCU08217		2.0
NCU08218	0.0	
NCU08224	4.0	
NCU08229	4.0	
NCU08231		4.0
NCU08233	4.0	
NCU08237	8.0	
NCU08250	18.0	
NCU08257	22.0	
NCU08267	16.0	
NCU08272	4.0	12.0
NCU08276		0.0
NCU08277	4.0	
NCU08280	16.0	0.0
NCU08281	22.0	
NCU08282		20.0
NCU08290	20.0	
NCU08291	22.0	2.0
NCU08293		0.0
NCU08295	2.0	
NCU08296	4.0	2.0
NCU08297		22.0
NCU08298	12.0	
NCU08299	0.0	4.0
NCU08300		22.0
NCU08301	2.0	4.0
NCU08302	0.0	
NCU08303		16.0
NCU08309	0.0	
NCU08312	10.0	18.0
NCU08321	2.0	
NCU08323		14.0
NCU08324	2.0	18.0
NCU08329	2.0	
NCU08334	12.0	
NCU08336	22.0	
NCU08338	6.0	
NCU08339	2.0	
NCU08341	2.0	
NCU08343	0.0	10.0
NCU08344	6.0	
NCU08352	4.0	4.0
NCU08354	14.0	
NCU08355	12.0	
NCU08357	18.0	6.0
NCU08358	2.0	
NCU08362	0.0	
NCU08365	20.0	
NCU08366	20.0	22.0
NCU08367	22.0	
NCU08369	20.0	4.0
NCU08370	6.0	
NCU08373	18.0	
NCU08375		6.0
NCU08376	18.0	
NCU08377		6.0
NCU08378	18.0	20.0
NCU08379		16.0
NCU08380	22.0	
NCU08384		0.0
NCU08385	4.0	18.0
NCU08387	2.0	
NCU08389	6.0	16.0
NCU08391	18.0	18.0
NCU08393	12.0	
NCU08395	14.0	
NCU08396	20.0	
NCU08397	22.0	4.0
NCU08398	6.0	
NCU08402		12.0
NCU08403	10.0	
NCU08408	18.0	
NCU08409	10.0	
NCU08410	4.0	2.0
NCU08412	10.0	
NCU08413	16.0	
NCU08420	14.0	
NCU08421	22.0	
NCU08427	4.0	
NCU08428	8.0	
NCU08434	0.0	
NCU08435	22.0	6.0
NCU08439	8.0	
NCU08440	6.0	
NCU08441	8.0	
NCU08443	14.0	
NCU08445	14.0	
NCU08448	12.0	
NCU08449	16.0	
NCU08453	0.0	
NCU08455	8.0	
NCU08456	8.0	
NCU08457	6.0	
NCU08468		10.0
NCU08470	8.0	
NCU08471	0.0	2.0
NCU08473	22.0	
NCU08475	12.0	10.0
NCU08476	16.0	
NCU08477	20.0	
NCU08478	8.0	
NCU08480		16.0
NCU08484	4.0	4.0
NCU08487	10.0	
NCU08495	12.0	
NCU08500	4.0	16.0
NCU08502	6.0	
NCU08504	10.0	
NCU08510		6.0
NCU08512	8.0	0.0
NCU08516	8.0	
NCU08518	22.0	
NCU08521	2.0	
NCU08525	10.0	
NCU08526		0.0
NCU08535	4.0	12.0
NCU08541	2.0	
NCU08547	4.0	
NCU08549	10.0	
NCU08550	4.0	0.0
NCU08551	20.0	
NCU08552	6.0	2.0
NCU08556	2.0	
NCU08557	12.0	
NCU08559	0.0	
NCU08560	22.0	
NCU08565	10.0	0.0
NCU08568	12.0	
NCU08570	14.0	
NCU08594	14.0	
NCU08595	4.0	
NCU08597	10.0	
NCU08598	6.0	
NCU08606	22.0	
NCU08607		0.0
NCU08609	22.0	
NCU08614	16.0	
NCU08616	22.0	
NCU08618	4.0	
NCU08620	4.0	10.0
NCU08621	20.0	
NCU08624	6.0	
NCU08627	6.0	
NCU08638	0.0	
NCU08641	18.0	
NCU08643	14.0	0.0
NCU08644	12.0	
NCU08645	18.0	
NCU08648		10.0
NCU08649	14.0	
NCU08650	16.0	
NCU08652	20.0	
NCU08664		4.0
NCU08668	2.0	
NCU08669	6.0	
NCU08671	10.0	
NCU08677	14.0	4.0
NCU08678	6.0	
NCU08683	22.0	20.0
NCU08685		12.0
NCU08686	0.0	
NCU08687	6.0	0.0
NCU08692	0.0	
NCU08693		2.0
NCU08694	20.0	
NCU08695	16.0	
NCU08697	6.0	
NCU08699	2.0	2.0
NCU08700	18.0	
NCU08702	4.0	
NCU08703	10.0	20.0
NCU08705	18.0	
NCU08706	18.0	
NCU08707	0.0	
NCU08709	22.0	
NCU08715	6.0	
NCU08726	6.0	
NCU08727	6.0	
NCU08728	6.0	
NCU08733	12.0	
NCU08735	0.0	
NCU08737	10.0	
NCU08738	22.0	
NCU08739	20.0	
NCU08743	22.0	2.0
NCU08744	22.0	
NCU08750	22.0	
NCU08755	14.0	
NCU08760	18.0	
NCU08762	6.0	
NCU08764	8.0	
NCU08768	12.0	
NCU08769	12.0	
NCU08771	4.0	
NCU08772	0.0	0.0
NCU08776	2.0	
NCU08779	0.0	20.0
NCU08784	10.0	
NCU08787		20.0
NCU08791	10.0	
NCU08792	0.0	
NCU08793	20.0	0.0
NCU08794	2.0	12.0
NCU08795	12.0	
NCU08805	22.0	
NCU08806	14.0	
NCU08807	8.0	2.0
NCU08809		0.0
NCU08810	16.0	
NCU08811	16.0	0.0
NCU08818	16.0	
NCU08820	18.0	22.0
NCU08821	12.0	
NCU08823	10.0	0.0
NCU08824	18.0	2.0
NCU08825	20.0	
NCU08826	4.0	
NCU08827	2.0	
NCU08828	2.0	10.0
NCU08842	22.0	
NCU08847	22.0	8.0
NCU08848	10.0	
NCU08850	10.0	
NCU08851	12.0	
NCU08859	8.0	
NCU08861	2.0	16.0
NCU08867	20.0	
NCU08868	20.0	
NCU08869	18.0	
NCU08870	22.0	
NCU08872	20.0	
NCU08875		0.0
NCU08877	10.0	
NCU08879	8.0	
NCU08881	10.0	
NCU08882		2.0
NCU08886	20.0	8.0
NCU08891	10.0	
NCU08892	16.0	
NCU08893	6.0	16.0
NCU08895	12.0	
NCU08897	14.0	
NCU08899	10.0	
NCU08900	12.0	
NCU08901	20.0	
NCU08903	4.0	2.0
NCU08905	2.0	
NCU08907		0.0
NCU08920	4.0	
NCU08922		0.0
NCU08923	2.0	16.0
NCU08924	2.0	12.0
NCU08925	20.0	
NCU08926	4.0	
NCU08927	0.0	
NCU08931		0.0
NCU08934	10.0	14.0
NCU08935	10.0	2.0
NCU08936		18.0
NCU08939		6.0
NCU08943		16.0
NCU08944	6.0	22.0
NCU08946	2.0	2.0
NCU08947		12.0
NCU08949	10.0	
NCU08951	4.0	
NCU08954	10.0	
NCU08956	20.0	
NCU08957	12.0	
NCU08959	6.0	
NCU08960	4.0	
NCU08962	18.0	
NCU08963	6.0	
NCU08964		16.0
NCU08966	18.0	
NCU08967	18.0	
NCU08968	0.0	12.0
NCU08973	14.0	6.0
NCU08974	16.0	
NCU08976	6.0	
NCU08977	2.0	
NCU08978	10.0	
NCU08980	20.0	2.0
NCU08982	10.0	
NCU08983	4.0	
NCU08985	2.0	
NCU08988	16.0	
NCU08990	4.0	
NCU08991	14.0	
NCU08996	6.0	4.0
NCU08997	6.0	4.0
NCU08998	12.0	
NCU09001		6.0
NCU09004	20.0	
NCU09008	0.0	
NCU09010	14.0	
NCU09013	10.0	20.0
NCU09022	4.0	
NCU09024	10.0	
NCU09025		14.0
NCU09033	14.0	
NCU09035	14.0	
NCU09036	12.0	
NCU09037	0.0	
NCU09041	10.0	20.0
NCU09042	8.0	
NCU09043	2.0	20.0
NCU09049	10.0	
NCU09050	8.0	
NCU09057	10.0	2.0
NCU09058	16.0	
NCU09063	4.0	
NCU09069	16.0	
NCU09071	22.0	
NCU09073	10.0	
NCU09076	4.0	20.0
NCU09078	16.0	
NCU09079	12.0	
NCU09085	22.0	
NCU09088	12.0	0.0
NCU09089	6.0	6.0
NCU09090	14.0	18.0
NCU09091	0.0	
NCU09094	4.0	
NCU09097		0.0
NCU09098	18.0	
NCU09099	14.0	
NCU09101	0.0	14.0
NCU09102	6.0	
NCU09103	20.0	
NCU09106	0.0	
NCU09108	4.0	
NCU09109	4.0	16.0
NCU09111	4.0	10.0
NCU09115	12.0	10.0
NCU09116	10.0	
NCU09117	22.0	
NCU09122		16.0
NCU09123	22.0	
NCU09124	16.0	
NCU09127	12.0	
NCU09130	8.0	
NCU09131	4.0	
NCU09132	22.0	
NCU09135	10.0	
NCU09137	22.0	
NCU09138	14.0	10.0
NCU09139		14.0
NCU09141	10.0	2.0
NCU09142	20.0	
NCU09143	4.0	14.0
NCU09153	20.0	
NCU09155	2.0	
NCU09156	0.0	
NCU09167	6.0	
NCU09168	6.0	
NCU09169	14.0	20.0
NCU09170	10.0	
NCU09171	20.0	
NCU09174	12.0	0.0
NCU09176	18.0	2.0
NCU09178	4.0	
NCU09185	6.0	
NCU09186	22.0	
NCU09187	2.0	
NCU09188	0.0	
NCU09191	12.0	
NCU09194	20.0	
NCU09195	0.0	
NCU09200	6.0	
NCU09201	10.0	
NCU09203	12.0	6.0
NCU09205	20.0	
NCU09206	20.0	
NCU09207	0.0	
NCU09209	2.0	
NCU09210	2.0	2.0
NCU09212		2.0
NCU09213		2.0
NCU09217	14.0	
NCU09220	12.0	
NCU09223		0.0
NCU09224	8.0	
NCU09226	14.0	
NCU09228	2.0	12.0
NCU09231	12.0	
NCU09235		2.0
NCU09236	10.0	
NCU09239	6.0	
NCU09244		4.0
NCU09248		22.0
NCU09249		16.0
NCU09251	6.0	
NCU09252	22.0	
NCU09259	22.0	
NCU09260	22.0	
NCU09263		22.0
NCU09265	14.0	
NCU09269	12.0	
NCU09270	2.0	
NCU09271	10.0	
NCU09272	8.0	
NCU09277	14.0	
NCU09278	16.0	22.0
NCU09279	18.0	
NCU09280	10.0	
NCU09285	12.0	
NCU09290	4.0	
NCU09291	20.0	
NCU09294	0.0	
NCU09295	4.0	10.0
NCU09296	2.0	
NCU09297	0.0	
NCU09301	8.0	
NCU09303	6.0	
NCU09307	20.0	
NCU09311	2.0	2.0
NCU09312	0.0	
NCU09315	22.0	
NCU09317		4.0
NCU09318	0.0	
NCU09319	2.0	
NCU09320		12.0
NCU09321	18.0	
NCU09322	0.0	
NCU09326	0.0	
NCU09329	22.0	
NCU09331	6.0	
NCU09332	4.0	
NCU09333	18.0	
NCU09335	18.0	
NCU09337	4.0	
NCU09343	14.0	
NCU09344	10.0	
NCU09347		18.0
NCU09349	2.0	
NCU09354		4.0
NCU09355	20.0	
NCU09363	12.0	
NCU09365	4.0	
NCU09368	10.0	
NCU09370	10.0	
NCU09371	16.0	
NCU09372	10.0	
NCU09378		20.0
NCU09380	0.0	16.0
NCU09383	20.0	
NCU09390	14.0	
NCU09395	16.0	
NCU09403	12.0	4.0
NCU09406	4.0	
NCU09410	2.0	
NCU09412	2.0	
NCU09416	14.0	
NCU09418	14.0	
NCU09419	14.0	
NCU09420		6.0
NCU09422	14.0	
NCU09423	12.0	
NCU09424	10.0	
NCU09427	20.0	
NCU09429	2.0	
NCU09436	4.0	
NCU09437	20.0	
NCU09438		22.0
NCU09444	14.0	
NCU09447	10.0	
NCU09451	10.0	
NCU09458	2.0	
NCU09465	22.0	
NCU09466		2.0
NCU09467	14.0	
NCU09471	6.0	
NCU09473	4.0	
NCU09474	4.0	
NCU09475	6.0	10.0
NCU09476	6.0	10.0
NCU09478	0.0	
NCU09480	2.0	
NCU09481	0.0	
NCU09482	18.0	
NCU09485		18.0
NCU09486	12.0	
NCU09488	4.0	
NCU09489	0.0	
NCU09492	18.0	
NCU09494	6.0	
NCU09496	18.0	
NCU09497	22.0	
NCU09498		10.0
NCU09499	0.0	
NCU09500	2.0	
NCU09502	4.0	
NCU09503	22.0	
NCU09504	4.0	8.0
NCU09508	12.0	
NCU09512	6.0	
NCU09516	10.0	
NCU09517	4.0	
NCU09518	10.0	
NCU09519		18.0
NCU09521	4.0	
NCU09523	6.0	
NCU09524	18.0	
NCU09525	6.0	
NCU09526	12.0	18.0
NCU09527	22.0	
NCU09528	4.0	
NCU09529	4.0	
NCU09532	16.0	
NCU09533	14.0	
NCU09534	14.0	2.0
NCU09535	10.0	6.0
NCU09536	2.0	2.0
NCU09537	18.0	
NCU09541	2.0	
NCU09543	22.0	
NCU09544	4.0	
NCU09545		10.0
NCU09559	12.0	0.0
NCU09560	12.0	0.0
NCU09568	22.0	
NCU09570	10.0	0.0
NCU09573	2.0	
NCU09579	10.0	0.0
NCU09584	10.0	
NCU09595	12.0	
NCU09598	4.0	22.0
NCU09599	6.0	
NCU09600	16.0	22.0
NCU09602	8.0	18.0
NCU09608	4.0	
NCU09610		0.0
NCU09611	10.0	
NCU09615	14.0	
NCU09617	22.0	
NCU09621	12.0	
NCU09627	18.0	
NCU09630	10.0	
NCU09631	10.0	
NCU09642	2.0	20.0
NCU09643	22.0	
NCU09646	10.0	12.0
NCU09647	22.0	12.0
NCU09651	22.0	
NCU09652	12.0	
NCU09656	6.0	
NCU09659	20.0	4.0
NCU09663	22.0	20.0
NCU09664	20.0	
NCU09669	16.0	
NCU09670	18.0	
NCU09673	10.0	14.0
NCU09674	12.0	22.0
NCU09676	10.0	
NCU09679	6.0	
NCU09686	14.0	
NCU09692		18.0
NCU09693	20.0	0.0
NCU09694	20.0	
NCU09698	2.0	
NCU09699	6.0	
NCU09705	8.0	
NCU09708	0.0	
NCU09710		0.0
NCU09714	14.0	
NCU09715	10.0	
NCU09717	6.0	
NCU09719	0.0	
NCU09721	18.0	
NCU09723	10.0	
NCU09726	4.0	
NCU09727	10.0	
NCU09730	16.0	
NCU09731	20.0	
NCU09732		0.0
NCU09734	12.0	
NCU09736	10.0	
NCU09737	16.0	
NCU09738	12.0	
NCU09739	12.0	20.0
NCU09740	18.0	
NCU09741	14.0	0.0
NCU09742	18.0	
NCU09745	10.0	
NCU09746	12.0	
NCU09747	8.0	
NCU09756	18.0	
NCU09758	22.0	
NCU09759	12.0	
NCU09760	8.0	
NCU09767	4.0	
NCU09768	2.0	
NCU09770	10.0	
NCU09771	4.0	
NCU09775	14.0	
NCU09776	12.0	
NCU09778	6.0	
NCU09782	6.0	
NCU09783		16.0
NCU09787	12.0	
NCU09790	4.0	
NCU09792	16.0	
NCU09794	6.0	2.0
NCU09799	14.0	
NCU09803	6.0	12.0
NCU09806	22.0	
NCU09810	10.0	18.0
NCU09812	18.0	
NCU09813	8.0	
NCU09818	10.0	
NCU09819	18.0	
NCU09820	12.0	
NCU09821	10.0	
NCU09823	18.0	
NCU09824	18.0	
NCU09825	22.0	
NCU09826	2.0	
NCU09829	10.0	
NCU09830	8.0	
NCU09832	20.0	
NCU09834	8.0	
NCU09839	0.0	
NCU09841		4.0
NCU09842	2.0	0.0
NCU09843	2.0	
NCU09847	18.0	
NCU09848		4.0
NCU09857	2.0	
NCU09858	20.0	
NCU09860		2.0
NCU09861	2.0	
NCU09864	6.0	
NCU09865	12.0	
NCU09866		8.0
NCU09871	2.0	18.0
NCU09880	0.0	
NCU09883	4.0	
NCU09892		8.0
NCU09894	4.0	
NCU09895	6.0	
NCU09896	4.0	2.0
NCU09897	10.0	
NCU09899	22.0	
NCU09901		10.0
NCU09903	22.0	6.0
NCU09910	10.0	16.0
NCU09912	14.0	
NCU09915	4.0	
NCU09917	20.0	
NCU09922	16.0	
NCU09930		12.0
NCU09931	14.0	10.0
NCU09937	14.0	
NCU09955	4.0	
NCU09958	10.0	
NCU09959	6.0	
NCU09968	10.0	
NCU09975	14.0	18.0
NCU09976	16.0	
NCU09978	22.0	
NCU09980	10.0	
NCU09986	16.0	
NCU09993	14.0	
NCU09995	0.0	0.0
NCU09998	16.0	
NCU09999	4.0	2.0
NCU10007	10.0	10.0
NCU10008	6.0	
NCU10011	2.0	
NCU10012	2.0	
NCU10014		4.0
NCU10029	8.0	
NCU10031	12.0	
NCU10038	14.0	
NCU10039	20.0	
NCU10042	2.0	
NCU10043	6.0	
NCU10045	14.0	
NCU10046	14.0	
NCU10048	14.0	
NCU10049	14.0	
NCU10053	22.0	
NCU10055	10.0	
NCU10058	10.0	0.0
NCU10061	4.0	22.0
NCU10067	20.0	
NCU10070	22.0	
NCU10073		0.0
NCU10075	16.0	
NCU10077	2.0	
NCU10110	14.0	
NCU10129	16.0	
NCU10143	10.0	
NCU10152	12.0	
NCU10155	6.0	
NCU10165	22.0	
NCU10169	22.0	14.0
NCU10226	12.0	
NCU10237	12.0	
NCU10245	22.0	
NCU10273	0.0	0.0
NCU10276	2.0	
NCU10291	8.0	
NCU10292	2.0	
NCU10301	12.0	
NCU10304	4.0	
NCU10311		6.0
NCU10337	6.0	
NCU10351	10.0	
NCU10359	4.0	
NCU10360	10.0	
NCU10381	2.0	
NCU10387	12.0	
NCU10400	10.0	18.0
NCU10430	12.0	
NCU10458	12.0	
NCU10467	4.0	
NCU10468	18.0	4.0
NCU10476	4.0	
NCU10498	4.0	16.0
NCU10500	12.0	
NCU10507	4.0	
NCU10518	22.0	22.0
NCU10546	4.0	
NCU10567	20.0	
NCU10570	12.0	
NCU10572	22.0	0.0
NCU10597	10.0	
NCU10603	20.0	
NCU10605	20.0	
NCU10618	6.0	
NCU10658	20.0	
NCU10659	14.0	
NCU10683	2.0	
NCU10684	12.0	
NCU10687		6.0
NCU10697	8.0	
NCU10721		8.0
NCU10732		10.0
NCU10733	4.0	
NCU10747	0.0	
NCU10762	4.0	
NCU10763	14.0	
NCU10775	2.0	
NCU10777		6.0
NCU10809	8.0	
NCU10836	22.0	
NCU10847	16.0	
NCU10852	4.0	8.0
NCU10853		2.0
NCU10865		8.0
NCU10883	4.0	
NCU10893	4.0	14.0
NCU10894	10.0	
NCU10907	4.0	
NCU10933	2.0	
NCU10965	18.0	
NCU10987	4.0	
NCU11012	20.0	
NCU11027	4.0	
NCU11040	14.0	
NCU11041	2.0	
NCU11043	14.0	
NCU11046	14.0	
NCU11050		18.0
NCU11053	12.0	
NCU11087	12.0	
NCU11088		6.0
NCU11102	6.0	
NCU11109	4.0	
NCU11129	16.0	18.0
NCU11138	18.0	
NCU11146	16.0	
NCU11159	2.0	
NCU11172	4.0	
NCU11173		10.0
NCU11174	10.0	
NCU11175	0.0	18.0
NCU11176	22.0	
NCU11180	12.0	
NCU11181		0.0
NCU11186	0.0	
NCU11187	16.0	
NCU11188	4.0	
NCU11195	10.0	
NCU11196	2.0	16.0
NCU11201	12.0	
NCU11212	6.0	
NCU11219		20.0
NCU11220	4.0	
NCU11223	10.0	
NCU11234		2.0
NCU11235	10.0	
NCU11236		12.0
NCU11237	0.0	
NCU11245	16.0	
NCU11248	16.0	20.0
NCU11249	0.0	
NCU11253	6.0	
NCU11259		22.0
NCU11260	6.0	
NCU11261	12.0	
NCU11263	0.0	
NCU11264	12.0	
NCU11286	22.0	
NCU11287	10.0	22.0
NCU11289	0.0	
NCU11290	22.0	
NCU11291	20.0	20.0
NCU11292	14.0	0.0
NCU11293	6.0	
NCU11305	22.0	
NCU11311	6.0	
NCU11312	12.0	
NCU11313	0.0	
NCU11320		8.0
NCU11321	2.0	
NCU11323	16.0	20.0
NCU11324	18.0	
NCU11325		16.0
NCU11337	16.0	
NCU11338	20.0	
NCU11340	12.0	
NCU11341	10.0	18.0
NCU11342	16.0	
NCU11345	4.0	
NCU11353		20.0
NCU11362	20.0	
NCU11367	12.0	
NCU11368	10.0	2.0
NCU11370	6.0	
NCU11395	10.0	2.0
NCU11399	2.0	
NCU11406	0.0	
NCU11410	0.0	
NCU11411	10.0	
NCU11414	10.0	
NCU11415		14.0
NCU11417	8.0	
NCU11424	10.0	
NCU11426	8.0	18.0
NCU12023	22.0	2.0
NCU12024	10.0	
NCU12025	8.0	
NCU12046	10.0	
NCU12076	10.0	
NCU12078	4.0	
NCU12084	12.0	
NCU12091	2.0	
NCU12097	4.0	
NCU12100	14.0	
NCU12104	18.0	
NCU12114	10.0	
NCU12126	0.0	
NCU12131	12.0	
NCU12150	6.0	
NCU12151	4.0	
NCU12152		20.0
NCU15829	22.0	
NCU15830	22.0	
NCU15832	12.0	
NCU15834		4.0
NCU15836	14.0	
NCU16306	10.0	
NCU16314	18.0	
NCU16316	14.0	
NCU16318	16.0	
NCU16320	0.0	
NCU16325	12.0	
NCU16329	0.0	
NCU16336	22.0	
NCU16343	20.0	
NCU16347	22.0	
NCU16363	4.0	
NCU16364	2.0	
NCU16368	10.0	
NCU16372	20.0	
NCU16374	12.0	
NCU16380	6.0	
NCU16382	16.0	
NCU16386	16.0	
NCU16394	8.0	
NCU16398	12.0	
NCU16399	12.0	
NCU16402	2.0	
NCU16406	14.0	
NCU16418	12.0	
NCU16419	12.0	
NCU16443	10.0	
NCU16445	22.0	22.0
NCU16452	20.0	
NCU16453	18.0	
NCU16454	10.0	
NCU16457	12.0	
NCU16466	4.0	2.0
NCU16472	8.0	
NCU16473	22.0	
NCU16477	12.0	
NCU16496	0.0	16.0
NCU16498	12.0	
NCU16500	12.0	
NCU16512	20.0	
NCU16537		2.0
NCU16541	6.0	22.0
NCU16549	12.0	
NCU16552	12.0	
NCU16553	10.0	
NCU16562	22.0	
NCU16563	4.0	
NCU16567	16.0	
NCU16583	16.0	
NCU16589	4.0	
NCU16597	8.0	
NCU16624	12.0	
NCU16625	12.0	
NCU16632	4.0	
NCU16634	20.0	
NCU16635	6.0	
NCU16638	20.0	
NCU16641	12.0	
NCU16646	10.0	
NCU16652	10.0	
NCU16653	12.0	
NCU16667	18.0	
NCU16673	18.0	
NCU16681	12.0	
NCU16683	10.0	
NCU16685	16.0	
NCU16698		22.0
NCU16699	10.0	
NCU16708	12.0	
NCU16710	10.0	
NCU16715	4.0	
NCU16720	12.0	
NCU16721	22.0	
NCU16738	10.0	
NCU16742	10.0	
NCU16757	2.0	
NCU16769	2.0	12.0
NCU16770	4.0	
NCU16773		22.0
NCU16775	2.0	8.0
NCU16785	16.0	
NCU16789	12.0	
NCU16790	22.0	
NCU16793	6.0	
NCU16802	2.0	
NCU16803	0.0	
NCU16817	22.0	
NCU16819	14.0	
NCU16821	4.0	
NCU16822	4.0	
NCU16833	2.0	2.0
NCU16857	22.0	
NCU16859	16.0	
NCU16875	12.0	
NCU16888	20.0	18.0
NCU16890	12.0	
NCU16896	2.0	
NCU16902	6.0	
NCU16911	0.0	
NCU16930	12.0	
NCU16942	18.0	
NCU16952	20.0	
NCU16959	12.0	
NCU16980	22.0	
NCU16992	0.0	
NCU16997	16.0	
NCU17008	12.0	
NCU17016	22.0	
NCU17026	0.0	
NCU17055	0.0	
NCU17057	2.0	
NCU17060	4.0	
NCU17061	4.0	
NCU17066	0.0	
NCU17083	14.0	
NCU17100	22.0	
NCU17113	2.0	
NCU17114	8.0	2.0
NCU17137	12.0	
NCU17138	14.0	
NCU17154	8.0	
NCU17171	12.0	
NCU17177	6.0	
NCU17185	12.0	
NCU17188	0.0	
NCU17225	14.0	
NCU17227	8.0	
NCU17239	12.0	2.0
NCU17244	10.0	
NCU17257	10.0	
NCU17258	12.0	
NCU17261	22.0	
NCU17263	14.0	
NCU17271	10.0	
NCU17275	22.0	
NCU17281	18.0	
NCU17283	8.0	
