$Gene	CT12.0	CT14.1	CT16.3	CT18.4	CT20.5	CT22.7	CT0.8	CT2.9	CT5.1	CT7.2	CT9.3	CT11.5
NCU04510.7	2.0	1.848048096156426	1.4383711467890776	0.8954715367323469	0.38433852467434215	0.060307379214092016	0.02185239926619431	0.28066019966134814	0.7580781044003315	1.3090169943749468	1.7660444431189775	1.9902680687415701
NCU01765.7	2.0	1.848048096156426	1.4383711467890776	0.8954715367323469	0.38433852467434215	0.060307379214092016	0.02185239926619431	0.28066019966134814	0.7580781044003315	1.3090169943749468	1.7660444431189775	1.9902680687415701
NCU05683.7	1.4383711467890776	1.848048096156426	2.0	1.848048096156426	1.4383711467890776	0.8954715367323469	0.3843385246743418	0.060307379214091905	0.02185239926619431	0.2806601996613487	0.7580781044003317	1.3090169943749468
NCU06666.7	1.848048096156426	2.0	1.848048096156426	1.4383711467890776	0.8954715367323469	0.38433852467434215	0.060307379214091905	0.02185239926619431	0.28066019966134814	0.7580781044003317	1.3090169943749468	1.7660444431189775
NCU06110.7	1.3090169943749472	0.7580781044003322	0.28066019966134903	0.02185239926619431	0.06030737921409146	0.38433852467434115	0.895471536732346	1.438371146789077	1.8480480961564256	2.0	1.8480480961564263	1.438371146789078
NCU11353.7	1.7660444431189772	1.3090169943749463	0.7580781044003313	0.28066019966134814	0.02185239926619431	0.060307379214091905	0.38433852467434215	0.8954715367323469	1.4383711467890778	1.8480480961564263	2.0	1.8480480961564258
NCU04202.7	2.0	1.848048096156426	1.4383711467890776	0.8954715367323469	0.38433852467434215	0.060307379214092016	0.02185239926619431	0.28066019966134814	0.7580781044003315	1.3090169943749468	1.7660444431189775	1.9902680687415701
NCU01157.7	0.7580781044003322	0.28066019966134903	0.02185239926619431	0.06030737921409146	0.38433852467434115	0.8954715367323458	1.438371146789077	1.8480480961564256	2.0	1.8480480961564263	1.438371146789078	0.8954715367323476
NCU01744.7	0.7580781044003322	0.28066019966134903	0.02185239926619431	0.06030737921409146	0.38433852467434115	0.8954715367323458	1.438371146789077	1.8480480961564256	2.0	1.8480480961564263	1.438371146789078	0.8954715367323476
NCU10893.7	0.28066019966134903	0.02185239926619431	0.06030737921409146	0.38433852467434115	0.8954715367323458	1.4383711467890765	1.8480480961564256	2.0	1.8480480961564265	1.438371146789078	0.8954715367323476	0.3843385246743425
NCU01754.7	1.7660444431189772	1.3090169943749463	0.7580781044003313	0.28066019966134814	0.02185239926619431	0.060307379214091905	0.38433852467434215	0.8954715367323469	1.4383711467890778	1.8480480961564263	2.0	1.8480480961564258
NCU02287.7	0.060307379214092016	0.38433852467434215	0.8954715367323469	1.4383711467890776	1.848048096156426	2.0	1.8480480961564258	1.4383711467890774	0.8954715367323467	0.38433852467434115	0.06030737921409157	0.02185239926619431
NCU03846.7	1.848048096156426	2.0	1.848048096156426	1.4383711467890776	0.8954715367323469	0.38433852467434215	0.060307379214091905	0.02185239926619431	0.28066019966134814	0.7580781044003317	1.3090169943749468	1.7660444431189775
NCU06482.7	0.02185239926619431	0.06030737921409146	0.38433852467434115	0.8954715367323458	1.4383711467890765	1.8480480961564254	2.0	1.8480480961564265	1.4383711467890783	0.8954715367323476	0.3843385246743425	0.060307379214092016
NCU07849.7	1.3090169943749472	0.7580781044003322	0.28066019966134903	0.02185239926619431	0.06030737921409146	0.38433852467434115	0.895471536732346	1.438371146789077	1.8480480961564256	2.0	1.8480480961564263	1.438371146789078
NCU10400.7	1.3090169943749472	0.7580781044003322	0.28066019966134903	0.02185239926619431	0.06030737921409146	0.38433852467434115	0.895471536732346	1.438371146789077	1.8480480961564256	2.0	1.8480480961564263	1.438371146789078
NCU05420.7	0.28066019966134903	0.02185239926619431	0.06030737921409146	0.38433852467434115	0.8954715367323458	1.4383711467890765	1.8480480961564256	2.0	1.8480480961564265	1.438371146789078	0.8954715367323476	0.3843385246743425
NCU02585.7	0.060307379214092016	0.38433852467434215	0.8954715367323469	1.4383711467890776	1.848048096156426	2.0	1.8480480961564258	1.4383711467890774	0.8954715367323467	0.38433852467434115	0.06030737921409157	0.02185239926619431
NCU06914.7	2.0	1.848048096156426	1.4383711467890776	0.8954715367323469	0.38433852467434215	0.060307379214092016	0.02185239926619431	0.28066019966134814	0.7580781044003315	1.3090169943749468	1.7660444431189775	1.9902680687415701
NCU02906.7	1.3090169943749472	0.7580781044003322	0.28066019966134903	0.02185239926619431	0.06030737921409146	0.38433852467434115	0.895471536732346	1.438371146789077	1.8480480961564256	2.0	1.8480480961564263	1.438371146789078
NCU02583.7	2.0	1.848048096156426	1.4383711467890776	0.8954715367323469	0.38433852467434215	0.060307379214092016	0.02185239926619431	0.28066019966134814	0.7580781044003315	1.3090169943749468	1.7660444431189775	1.9902680687415701
NCU00792.7	0.060307379214092016	0.38433852467434215	0.8954715367323469	1.4383711467890776	1.848048096156426	2.0	1.8480480961564258	1.4383711467890774	0.8954715367323467	0.38433852467434115	0.06030737921409157	0.02185239926619431
NCU04118.7	1.848048096156426	2.0	1.848048096156426	1.4383711467890776	0.8954715367323469	0.38433852467434215	0.060307379214091905	0.02185239926619431	0.28066019966134814	0.7580781044003317	1.3090169943749468	1.7660444431189775
NCU02624.7	1.4383711467890776	1.848048096156426	2.0	1.848048096156426	1.4383711467890776	0.8954715367323469	0.3843385246743418	0.060307379214091905	0.02185239926619431	0.2806601996613487	0.7580781044003317	1.3090169943749468
NCU03216.7	0.28066019966134903	0.02185239926619431	0.06030737921409146	0.38433852467434115	0.8954715367323458	1.4383711467890765	1.8480480961564256	2.0	1.8480480961564265	1.438371146789078	0.8954715367323476	0.3843385246743425
NCU01905.7	2.0	1.848048096156426	1.4383711467890776	0.8954715367323469	0.38433852467434215	0.060307379214092016	0.02185239926619431	0.28066019966134814	0.7580781044003315	1.3090169943749468	1.7660444431189775	1.9902680687415701
NCU06054.7	0.7580781044003322	0.28066019966134903	0.02185239926619431	0.06030737921409146	0.38433852467434115	0.8954715367323458	1.438371146789077	1.8480480961564256	2.0	1.8480480961564263	1.438371146789078	0.8954715367323476
NCU07027.7	2.0	1.848048096156426	1.4383711467890776	0.8954715367323469	0.38433852467434215	0.060307379214092016	0.02185239926619431	0.28066019966134814	0.7580781044003315	1.3090169943749468	1.7660444431189775	1.9902680687415701
NCU03973.7	0.060307379214092016	0.38433852467434215	0.8954715367323469	1.4383711467890776	1.848048096156426	2.0	1.8480480961564258	1.4383711467890774	0.8954715367323467	0.38433852467434115	0.06030737921409157	0.02185239926619431
NCU11173.7	0.060307379214092016	0.38433852467434215	0.8954715367323469	1.4383711467890776	1.848048096156426	2.0	1.8480480961564258	1.4383711467890774	0.8954715367323467	0.38433852467434115	0.06030737921409157	0.02185239926619431
NCU08687.7	2.0	1.848048096156426	1.4383711467890776	0.8954715367323469	0.38433852467434215	0.060307379214092016	0.02185239926619431	0.28066019966134814	0.7580781044003315	1.3090169943749468	1.7660444431189775	1.9902680687415701
NCU04339.7	0.7580781044003322	0.28066019966134903	0.02185239926619431	0.06030737921409146	0.38433852467434115	0.8954715367323458	1.438371146789077	1.8480480961564256	2.0	1.8480480961564263	1.438371146789078	0.8954715367323476
NCU03813.7	2.0	1.848048096156426	1.4383711467890776	0.8954715367323469	0.38433852467434215	0.060307379214092016	0.02185239926619431	0.28066019966134814	0.7580781044003315	1.3090169943749468	1.7660444431189775	1.9902680687415701
NCU05221.7	1.9902680687415704	1.7660444431189783	1.3090169943749481	0.7580781044003333	0.2806601996613497	0.021852399266194644	0.06030737921409135	0.3843385246743407	0.8954715367323454	1.4383711467890765	1.8480480961564254	2.0
NCU03425.7	1.848048096156426	2.0	1.848048096156426	1.4383711467890776	0.8954715367323469	0.38433852467434215	0.060307379214091905	0.02185239926619431	0.28066019966134814	0.7580781044003317	1.3090169943749468	1.7660444431189775
NCU03156.7	2.0	1.848048096156426	1.4383711467890776	0.8954715367323469	0.38433852467434215	0.060307379214092016	0.02185239926619431	0.28066019966134814	0.7580781044003315	1.3090169943749468	1.7660444431189775	1.9902680687415701
NCU07053.7	2.0	1.848048096156426	1.4383711467890776	0.8954715367323469	0.38433852467434215	0.060307379214092016	0.02185239926619431	0.28066019966134814	0.7580781044003315	1.3090169943749468	1.7660444431189775	1.9902680687415701
NCU08947.7	0.02185239926619431	0.06030737921409146	0.38433852467434115	0.8954715367323458	1.4383711467890765	1.8480480961564254	2.0	1.8480480961564265	1.4383711467890783	0.8954715367323476	0.3843385246743425	0.060307379214092016
NCU06187.7	1.848048096156426	2.0	1.848048096156426	1.4383711467890776	0.8954715367323469	0.38433852467434215	0.060307379214091905	0.02185239926619431	0.28066019966134814	0.7580781044003317	1.3090169943749468	1.7660444431189775
NCU07914.7	1.3090169943749472	0.7580781044003322	0.28066019966134903	0.02185239926619431	0.06030737921409146	0.38433852467434115	0.895471536732346	1.438371146789077	1.8480480961564256	2.0	1.8480480961564263	1.438371146789078
NCU08685.7	0.02185239926619431	0.06030737921409146	0.38433852467434115	0.8954715367323458	1.4383711467890765	1.8480480961564254	2.0	1.8480480961564265	1.4383711467890783	0.8954715367323476	0.3843385246743425	0.060307379214092016
NCU01271.7	0.060307379214092016	0.38433852467434215	0.8954715367323469	1.4383711467890776	1.848048096156426	2.0	1.8480480961564258	1.4383711467890774	0.8954715367323467	0.38433852467434115	0.06030737921409157	0.02185239926619431
NCU01786.7	1.848048096156426	2.0	1.848048096156426	1.4383711467890776	0.8954715367323469	0.38433852467434215	0.060307379214091905	0.02185239926619431	0.28066019966134814	0.7580781044003317	1.3090169943749468	1.7660444431189775
NCU00743.7	0.38433852467434215	0.8954715367323469	1.4383711467890776	1.848048096156426	2.0	1.848048096156426	1.4383711467890774	0.8954715367323467	0.3843385246743418	0.06030737921409157	0.02185239926619431	0.2806601996613487
NCU07659.7	1.848048096156426	2.0	1.848048096156426	1.4383711467890776	0.8954715367323469	0.38433852467434215	0.060307379214091905	0.02185239926619431	0.28066019966134814	0.7580781044003317	1.3090169943749468	1.7660444431189775
NCU00378.7	0.060307379214092016	0.38433852467434215	0.8954715367323469	1.4383711467890776	1.848048096156426	2.0	1.8480480961564258	1.4383711467890774	0.8954715367323467	0.38433852467434115	0.06030737921409157	0.02185239926619431
NCU04754.7	1.848048096156426	2.0	1.848048096156426	1.4383711467890776	0.8954715367323469	0.38433852467434215	0.060307379214091905	0.02185239926619431	0.28066019966134814	0.7580781044003317	1.3090169943749468	1.7660444431189775
NCU01427.7	1.848048096156426	2.0	1.848048096156426	1.4383711467890776	0.8954715367323469	0.38433852467434215	0.060307379214091905	0.02185239926619431	0.28066019966134814	0.7580781044003317	1.3090169943749468	1.7660444431189775
NCU00567.7	1.848048096156426	2.0	1.848048096156426	1.4383711467890776	0.8954715367323469	0.38433852467434215	0.060307379214091905	0.02185239926619431	0.28066019966134814	0.7580781044003317	1.3090169943749468	1.7660444431189775
NCU04074.7	1.848048096156426	2.0	1.848048096156426	1.4383711467890776	0.8954715367323469	0.38433852467434215	0.060307379214091905	0.02185239926619431	0.28066019966134814	0.7580781044003317	1.3090169943749468	1.7660444431189775
NCU03282.7	1.3090169943749472	0.7580781044003322	0.28066019966134903	0.02185239926619431	0.06030737921409146	0.38433852467434115	0.895471536732346	1.438371146789077	1.8480480961564256	2.0	1.8480480961564263	1.438371146789078
NCU06191.7	1.7660444431189772	1.3090169943749463	0.7580781044003313	0.28066019966134814	0.02185239926619431	0.060307379214091905	0.38433852467434215	0.8954715367323469	1.4383711467890778	1.8480480961564263	2.0	1.8480480961564258
NCU04265.7	1.848048096156426	2.0	1.848048096156426	1.4383711467890776	0.8954715367323469	0.38433852467434215	0.060307379214091905	0.02185239926619431	0.28066019966134814	0.7580781044003317	1.3090169943749468	1.7660444431189775
NCU03010.7	1.848048096156426	2.0	1.848048096156426	1.4383711467890776	0.8954715367323469	0.38433852467434215	0.060307379214091905	0.02185239926619431	0.28066019966134814	0.7580781044003317	1.3090169943749468	1.7660444431189775
NCU00585.7	1.848048096156426	2.0	1.848048096156426	1.4383711467890776	0.8954715367323469	0.38433852467434215	0.060307379214091905	0.02185239926619431	0.28066019966134814	0.7580781044003317	1.3090169943749468	1.7660444431189775
NCU08471.7	1.848048096156426	2.0	1.848048096156426	1.4383711467890776	0.8954715367323469	0.38433852467434215	0.060307379214091905	0.02185239926619431	0.28066019966134814	0.7580781044003317	1.3090169943749468	1.7660444431189775
NCU02209.7	0.8954715367323469	1.4383711467890776	1.848048096156426	2.0	1.848048096156426	1.4383711467890776	0.8954715367323467	0.3843385246743418	0.060307379214091905	0.02185239926619431	0.2806601996613487	0.7580781044003317
NCU03777.7	1.848048096156426	2.0	1.848048096156426	1.4383711467890776	0.8954715367323469	0.38433852467434215	0.060307379214091905	0.02185239926619431	0.28066019966134814	0.7580781044003317	1.3090169943749468	1.7660444431189775
NCU01632.7	0.060307379214092016	0.38433852467434215	0.8954715367323469	1.4383711467890776	1.848048096156426	2.0	1.8480480961564258	1.4383711467890774	0.8954715367323467	0.38433852467434115	0.06030737921409157	0.02185239926619431
NCU01195.7	0.060307379214092016	0.38433852467434215	0.8954715367323469	1.4383711467890776	1.848048096156426	2.0	1.8480480961564258	1.4383711467890774	0.8954715367323467	0.38433852467434115	0.06030737921409157	0.02185239926619431
NCU05542.7	1.848048096156426	2.0	1.848048096156426	1.4383711467890776	0.8954715367323469	0.38433852467434215	0.060307379214091905	0.02185239926619431	0.28066019966134814	0.7580781044003317	1.3090169943749468	1.7660444431189775
NCU04350.7	0.28066019966134903	0.02185239926619431	0.06030737921409146	0.38433852467434115	0.8954715367323458	1.4383711467890765	1.8480480961564256	2.0	1.8480480961564265	1.438371146789078	0.8954715367323476	0.3843385246743425
NCU03030.7	0.38433852467434215	0.8954715367323469	1.4383711467890776	1.848048096156426	2.0	1.848048096156426	1.4383711467890774	0.8954715367323467	0.3843385246743418	0.06030737921409157	0.02185239926619431	0.2806601996613487
NCU03358.7	1.7660444431189772	1.3090169943749463	0.7580781044003313	0.28066019966134814	0.02185239926619431	0.060307379214091905	0.38433852467434215	0.8954715367323469	1.4383711467890778	1.8480480961564263	2.0	1.8480480961564258
NCU04077.7	1.3090169943749472	0.7580781044003322	0.28066019966134903	0.02185239926619431	0.06030737921409146	0.38433852467434115	0.895471536732346	1.438371146789077	1.8480480961564256	2.0	1.8480480961564263	1.438371146789078
NCU06460.7	1.9902680687415704	1.7660444431189783	1.3090169943749481	0.7580781044003333	0.2806601996613497	0.021852399266194644	0.06030737921409135	0.3843385246743407	0.8954715367323454	1.4383711467890765	1.8480480961564254	2.0
NCU06836.7	0.02185239926619431	0.06030737921409146	0.38433852467434115	0.8954715367323458	1.4383711467890765	1.8480480961564254	2.0	1.8480480961564265	1.4383711467890783	0.8954715367323476	0.3843385246743425	0.060307379214092016
NCU04156.7	1.848048096156426	2.0	1.848048096156426	1.4383711467890776	0.8954715367323469	0.38433852467434215	0.060307379214091905	0.02185239926619431	0.28066019966134814	0.7580781044003317	1.3090169943749468	1.7660444431189775
NCU04899.7	1.848048096156426	2.0	1.848048096156426	1.4383711467890776	0.8954715367323469	0.38433852467434215	0.060307379214091905	0.02185239926619431	0.28066019966134814	0.7580781044003317	1.3090169943749468	1.7660444431189775
NCU07082.7	0.060307379214092016	0.38433852467434215	0.8954715367323469	1.4383711467890776	1.848048096156426	2.0	1.8480480961564258	1.4383711467890774	0.8954715367323467	0.38433852467434115	0.06030737921409157	0.02185239926619431
NCU02126.7	1.9902680687415704	1.7660444431189783	1.3090169943749481	0.7580781044003333	0.2806601996613497	0.021852399266194644	0.06030737921409135	0.3843385246743407	0.8954715367323454	1.4383711467890765	1.8480480961564254	2.0
NCU09841.7	1.4383711467890776	1.848048096156426	2.0	1.848048096156426	1.4383711467890776	0.8954715367323469	0.3843385246743418	0.060307379214091905	0.02185239926619431	0.2806601996613487	0.7580781044003317	1.3090169943749468
NCU06970.7	0.02185239926619431	0.06030737921409146	0.38433852467434115	0.8954715367323458	1.4383711467890765	1.8480480961564254	2.0	1.8480480961564265	1.4383711467890783	0.8954715367323476	0.3843385246743425	0.060307379214092016
NCU07773.7	2.0	1.848048096156426	1.4383711467890776	0.8954715367323469	0.38433852467434215	0.060307379214092016	0.02185239926619431	0.28066019966134814	0.7580781044003315	1.3090169943749468	1.7660444431189775	1.9902680687415701
NCU02322.7	2.0	1.848048096156426	1.4383711467890776	0.8954715367323469	0.38433852467434215	0.060307379214092016	0.02185239926619431	0.28066019966134814	0.7580781044003315	1.3090169943749468	1.7660444431189775	1.9902680687415701
NCU05807.7	2.0	1.848048096156426	1.4383711467890776	0.8954715367323469	0.38433852467434215	0.060307379214092016	0.02185239926619431	0.28066019966134814	0.7580781044003315	1.3090169943749468	1.7660444431189775	1.9902680687415701
NCU00712.7	1.848048096156426	2.0	1.848048096156426	1.4383711467890776	0.8954715367323469	0.38433852467434215	0.060307379214091905	0.02185239926619431	0.28066019966134814	0.7580781044003317	1.3090169943749468	1.7660444431189775
NCU04230.7	0.02185239926619431	0.06030737921409146	0.38433852467434115	0.8954715367323458	1.4383711467890765	1.8480480961564254	2.0	1.8480480961564265	1.4383711467890783	0.8954715367323476	0.3843385246743425	0.060307379214092016
NCU01083.7	1.848048096156426	2.0	1.848048096156426	1.4383711467890776	0.8954715367323469	0.38433852467434215	0.060307379214091905	0.02185239926619431	0.28066019966134814	0.7580781044003317	1.3090169943749468	1.7660444431189775
NCU07001.7	1.848048096156426	2.0	1.848048096156426	1.4383711467890776	0.8954715367323469	0.38433852467434215	0.060307379214091905	0.02185239926619431	0.28066019966134814	0.7580781044003317	1.3090169943749468	1.7660444431189775
NCU08280.7	2.0	1.848048096156426	1.4383711467890776	0.8954715367323469	0.38433852467434215	0.060307379214092016	0.02185239926619431	0.28066019966134814	0.7580781044003315	1.3090169943749468	1.7660444431189775	1.9902680687415701
NCU02252.7	2.0	1.848048096156426	1.4383711467890776	0.8954715367323469	0.38433852467434215	0.060307379214092016	0.02185239926619431	0.28066019966134814	0.7580781044003315	1.3090169943749468	1.7660444431189775	1.9902680687415701
NCU07550.7	2.0	1.848048096156426	1.4383711467890776	0.8954715367323469	0.38433852467434215	0.060307379214092016	0.02185239926619431	0.28066019966134814	0.7580781044003315	1.3090169943749468	1.7660444431189775	1.9902680687415701
NCU00187.7	0.060307379214092016	0.38433852467434215	0.8954715367323469	1.4383711467890776	1.848048096156426	2.0	1.8480480961564258	1.4383711467890774	0.8954715367323467	0.38433852467434115	0.06030737921409157	0.02185239926619431
NCU09803.7	0.02185239926619431	0.06030737921409146	0.38433852467434115	0.8954715367323458	1.4383711467890765	1.8480480961564254	2.0	1.8480480961564265	1.4383711467890783	0.8954715367323476	0.3843385246743425	0.060307379214092016
NCU03254.7	0.28066019966134903	0.02185239926619431	0.06030737921409146	0.38433852467434115	0.8954715367323458	1.4383711467890765	1.8480480961564256	2.0	1.8480480961564265	1.438371146789078	0.8954715367323476	0.3843385246743425
NCU01207.7	2.0	1.848048096156426	1.4383711467890776	0.8954715367323469	0.38433852467434215	0.060307379214092016	0.02185239926619431	0.28066019966134814	0.7580781044003315	1.3090169943749468	1.7660444431189775	1.9902680687415701
NCU02746.7	1.7660444431189772	1.3090169943749463	0.7580781044003313	0.28066019966134814	0.02185239926619431	0.060307379214091905	0.38433852467434215	0.8954715367323469	1.4383711467890778	1.8480480961564263	2.0	1.8480480961564258
NCU03877.7	1.848048096156426	2.0	1.848048096156426	1.4383711467890776	0.8954715367323469	0.38433852467434215	0.060307379214091905	0.02185239926619431	0.28066019966134814	0.7580781044003317	1.3090169943749468	1.7660444431189775
NCU00720.7	1.9902680687415704	1.7660444431189783	1.3090169943749481	0.7580781044003333	0.2806601996613497	0.021852399266194644	0.06030737921409135	0.3843385246743407	0.8954715367323454	1.4383711467890765	1.8480480961564254	2.0
NCU02472.7	1.9902680687415704	1.7660444431189783	1.3090169943749481	0.7580781044003333	0.2806601996613497	0.021852399266194644	0.06030737921409135	0.3843385246743407	0.8954715367323454	1.4383711467890765	1.8480480961564254	2.0
NCU09545.7	0.060307379214092016	0.38433852467434215	0.8954715367323469	1.4383711467890776	1.848048096156426	2.0	1.8480480961564258	1.4383711467890774	0.8954715367323467	0.38433852467434115	0.06030737921409157	0.02185239926619431
NCU10058.7	2.0	1.848048096156426	1.4383711467890776	0.8954715367323469	0.38433852467434215	0.060307379214092016	0.02185239926619431	0.28066019966134814	0.7580781044003315	1.3090169943749468	1.7660444431189775	1.9902680687415701
NCU02726.7	1.848048096156426	2.0	1.848048096156426	1.4383711467890776	0.8954715367323469	0.38433852467434215	0.060307379214091905	0.02185239926619431	0.28066019966134814	0.7580781044003317	1.3090169943749468	1.7660444431189775
NCU03608.7	1.848048096156426	2.0	1.848048096156426	1.4383711467890776	0.8954715367323469	0.38433852467434215	0.060307379214091905	0.02185239926619431	0.28066019966134814	0.7580781044003317	1.3090169943749468	1.7660444431189775
NCU02109.7	1.9902680687415704	1.7660444431189783	1.3090169943749481	0.7580781044003333	0.2806601996613497	0.021852399266194644	0.06030737921409135	0.3843385246743407	0.8954715367323454	1.4383711467890765	1.8480480961564254	2.0
NCU08291.7	1.848048096156426	2.0	1.848048096156426	1.4383711467890776	0.8954715367323469	0.38433852467434215	0.060307379214091905	0.02185239926619431	0.28066019966134814	0.7580781044003317	1.3090169943749468	1.7660444431189775
NCU06924.7	1.848048096156426	2.0	1.848048096156426	1.4383711467890776	0.8954715367323469	0.38433852467434215	0.060307379214091905	0.02185239926619431	0.28066019966134814	0.7580781044003317	1.3090169943749468	1.7660444431189775
NCU09930.7	0.02185239926619431	0.06030737921409146	0.38433852467434115	0.8954715367323458	1.4383711467890765	1.8480480961564254	2.0	1.8480480961564265	1.4383711467890783	0.8954715367323476	0.3843385246743425	0.060307379214092016
NCU09041.7	1.7660444431189772	1.3090169943749463	0.7580781044003313	0.28066019966134814	0.02185239926619431	0.060307379214091905	0.38433852467434215	0.8954715367323469	1.4383711467890778	1.8480480961564263	2.0	1.8480480961564258
NCU03648.7	2.0	1.848048096156426	1.4383711467890776	0.8954715367323469	0.38433852467434215	0.060307379214092016	0.02185239926619431	0.28066019966134814	0.7580781044003315	1.3090169943749468	1.7660444431189775	1.9902680687415701
NCU02771.7	1.848048096156426	2.0	1.848048096156426	1.4383711467890776	0.8954715367323469	0.38433852467434215	0.060307379214091905	0.02185239926619431	0.28066019966134814	0.7580781044003317	1.3090169943749468	1.7660444431189775
NCU11196.7	0.7580781044003322	0.28066019966134903	0.02185239926619431	0.06030737921409146	0.38433852467434115	0.8954715367323458	1.438371146789077	1.8480480961564256	2.0	1.8480480961564263	1.438371146789078	0.8954715367323476
NCU02629.7	1.848048096156426	2.0	1.848048096156426	1.4383711467890776	0.8954715367323469	0.38433852467434215	0.060307379214091905	0.02185239926619431	0.28066019966134814	0.7580781044003317	1.3090169943749468	1.7660444431189775
NCU00643.7	1.9902680687415704	1.7660444431189783	1.3090169943749481	0.7580781044003333	0.2806601996613497	0.021852399266194644	0.06030737921409135	0.3843385246743407	0.8954715367323454	1.4383711467890765	1.8480480961564254	2.0
NCU06785.7	0.8954715367323469	1.4383711467890776	1.848048096156426	2.0	1.848048096156426	1.4383711467890776	0.8954715367323467	0.3843385246743418	0.060307379214091905	0.02185239926619431	0.2806601996613487	0.7580781044003317
NCU02366.7	1.848048096156426	2.0	1.848048096156426	1.4383711467890776	0.8954715367323469	0.38433852467434215	0.060307379214091905	0.02185239926619431	0.28066019966134814	0.7580781044003317	1.3090169943749468	1.7660444431189775
NCU01169.7	1.848048096156426	2.0	1.848048096156426	1.4383711467890776	0.8954715367323469	0.38433852467434215	0.060307379214091905	0.02185239926619431	0.28066019966134814	0.7580781044003317	1.3090169943749468	1.7660444431189775
NCU03748.7	0.7580781044003322	0.28066019966134903	0.02185239926619431	0.06030737921409146	0.38433852467434115	0.8954715367323458	1.438371146789077	1.8480480961564256	2.0	1.8480480961564263	1.438371146789078	0.8954715367323476
NCU07188.7	1.848048096156426	2.0	1.848048096156426	1.4383711467890776	0.8954715367323469	0.38433852467434215	0.060307379214091905	0.02185239926619431	0.28066019966134814	0.7580781044003317	1.3090169943749468	1.7660444431189775
NCU06724.7	0.02185239926619431	0.06030737921409146	0.38433852467434115	0.8954715367323458	1.4383711467890765	1.8480480961564254	2.0	1.8480480961564265	1.4383711467890783	0.8954715367323476	0.3843385246743425	0.060307379214092016
NCU07169.7	0.8954715367323469	1.4383711467890776	1.848048096156426	2.0	1.848048096156426	1.4383711467890776	0.8954715367323467	0.3843385246743418	0.060307379214091905	0.02185239926619431	0.2806601996613487	0.7580781044003317
NCU03651.7	1.848048096156426	2.0	1.848048096156426	1.4383711467890776	0.8954715367323469	0.38433852467434215	0.060307379214091905	0.02185239926619431	0.28066019966134814	0.7580781044003317	1.3090169943749468	1.7660444431189775
NCU01606.7	1.848048096156426	2.0	1.848048096156426	1.4383711467890776	0.8954715367323469	0.38433852467434215	0.060307379214091905	0.02185239926619431	0.28066019966134814	0.7580781044003317	1.3090169943749468	1.7660444431189775
NCU02227.7	2.0	1.848048096156426	1.4383711467890776	0.8954715367323469	0.38433852467434215	0.060307379214092016	0.02185239926619431	0.28066019966134814	0.7580781044003315	1.3090169943749468	1.7660444431189775	1.9902680687415701
NCU06727.7	1.3090169943749472	0.7580781044003322	0.28066019966134903	0.02185239926619431	0.06030737921409146	0.38433852467434115	0.895471536732346	1.438371146789077	1.8480480961564256	2.0	1.8480480961564263	1.438371146789078
NCU03756.7	1.7660444431189772	1.3090169943749463	0.7580781044003313	0.28066019966134814	0.02185239926619431	0.060307379214091905	0.38433852467434215	0.8954715367323469	1.4383711467890778	1.8480480961564263	2.0	1.8480480961564258
NCU03488.7	2.0	1.848048096156426	1.4383711467890776	0.8954715367323469	0.38433852467434215	0.060307379214092016	0.02185239926619431	0.28066019966134814	0.7580781044003315	1.3090169943749468	1.7660444431189775	1.9902680687415701
NCU06075.7	2.0	1.848048096156426	1.4383711467890776	0.8954715367323469	0.38433852467434215	0.060307379214092016	0.02185239926619431	0.28066019966134814	0.7580781044003315	1.3090169943749468	1.7660444431189775	1.9902680687415701
NCU02280.7	1.9902680687415704	1.7660444431189783	1.3090169943749481	0.7580781044003333	0.2806601996613497	0.021852399266194644	0.06030737921409135	0.3843385246743407	0.8954715367323454	1.4383711467890765	1.8480480961564254	2.0
NCU06532.7	1.848048096156426	2.0	1.848048096156426	1.4383711467890776	0.8954715367323469	0.38433852467434215	0.060307379214091905	0.02185239926619431	0.28066019966134814	0.7580781044003317	1.3090169943749468	1.7660444431189775
NCU07732.7	0.060307379214092016	0.38433852467434215	0.8954715367323469	1.4383711467890776	1.848048096156426	2.0	1.8480480961564258	1.4383711467890774	0.8954715367323467	0.38433852467434115	0.06030737921409157	0.02185239926619431
NCU00575.7	0.8954715367323469	1.4383711467890776	1.848048096156426	2.0	1.848048096156426	1.4383711467890776	0.8954715367323467	0.3843385246743418	0.060307379214091905	0.02185239926619431	0.2806601996613487	0.7580781044003317
NCU03957.7	1.848048096156426	2.0	1.848048096156426	1.4383711467890776	0.8954715367323469	0.38433852467434215	0.060307379214091905	0.02185239926619431	0.28066019966134814	0.7580781044003317	1.3090169943749468	1.7660444431189775
NCU09320.7	0.02185239926619431	0.06030737921409146	0.38433852467434115	0.8954715367323458	1.4383711467890765	1.8480480961564254	2.0	1.8480480961564265	1.4383711467890783	0.8954715367323476	0.3843385246743425	0.060307379214092016
NCU00843.7	1.848048096156426	2.0	1.848048096156426	1.4383711467890776	0.8954715367323469	0.38433852467434215	0.060307379214091905	0.02185239926619431	0.28066019966134814	0.7580781044003317	1.3090169943749468	1.7660444431189775
NCU01439.7	1.848048096156426	2.0	1.848048096156426	1.4383711467890776	0.8954715367323469	0.38433852467434215	0.060307379214091905	0.02185239926619431	0.28066019966134814	0.7580781044003317	1.3090169943749468	1.7660444431189775
NCU04442.7	1.9902680687415704	1.7660444431189783	1.3090169943749481	0.7580781044003333	0.2806601996613497	0.021852399266194644	0.06030737921409135	0.3843385246743407	0.8954715367323454	1.4383711467890765	1.8480480961564254	2.0
NCU02475.7	1.848048096156426	2.0	1.848048096156426	1.4383711467890776	0.8954715367323469	0.38433852467434215	0.060307379214091905	0.02185239926619431	0.28066019966134814	0.7580781044003317	1.3090169943749468	1.7660444431189775
NCU05419.7	1.9902680687415704	1.7660444431189783	1.3090169943749481	0.7580781044003333	0.2806601996613497	0.021852399266194644	0.06030737921409135	0.3843385246743407	0.8954715367323454	1.4383711467890765	1.8480480961564254	2.0
NCU02829.7	1.9902680687415704	1.7660444431189783	1.3090169943749481	0.7580781044003333	0.2806601996613497	0.021852399266194644	0.06030737921409135	0.3843385246743407	0.8954715367323454	1.4383711467890765	1.8480480961564254	2.0
NCU08828.7	0.060307379214092016	0.38433852467434215	0.8954715367323469	1.4383711467890776	1.848048096156426	2.0	1.8480480961564258	1.4383711467890774	0.8954715367323467	0.38433852467434115	0.06030737921409157	0.02185239926619431
NCU04292.7	1.848048096156426	2.0	1.848048096156426	1.4383711467890776	0.8954715367323469	0.38433852467434215	0.060307379214091905	0.02185239926619431	0.28066019966134814	0.7580781044003317	1.3090169943749468	1.7660444431189775
NCU00385.7	0.38433852467434215	0.8954715367323469	1.4383711467890776	1.848048096156426	2.0	1.848048096156426	1.4383711467890774	0.8954715367323467	0.3843385246743418	0.06030737921409157	0.02185239926619431	0.2806601996613487
NCU07585.7	1.848048096156426	2.0	1.848048096156426	1.4383711467890776	0.8954715367323469	0.38433852467434215	0.060307379214091905	0.02185239926619431	0.28066019966134814	0.7580781044003317	1.3090169943749468	1.7660444431189775
NCU08643.7	2.0	1.848048096156426	1.4383711467890776	0.8954715367323469	0.38433852467434215	0.060307379214092016	0.02185239926619431	0.28066019966134814	0.7580781044003315	1.3090169943749468	1.7660444431189775	1.9902680687415701
NCU00775.7	1.848048096156426	2.0	1.848048096156426	1.4383711467890776	0.8954715367323469	0.38433852467434215	0.060307379214091905	0.02185239926619431	0.28066019966134814	0.7580781044003317	1.3090169943749468	1.7660444431189775
NCU04963.7	0.060307379214092016	0.38433852467434215	0.8954715367323469	1.4383711467890776	1.848048096156426	2.0	1.8480480961564258	1.4383711467890774	0.8954715367323467	0.38433852467434115	0.06030737921409157	0.02185239926619431
NCU06870.7	1.848048096156426	2.0	1.848048096156426	1.4383711467890776	0.8954715367323469	0.38433852467434215	0.060307379214091905	0.02185239926619431	0.28066019966134814	0.7580781044003317	1.3090169943749468	1.7660444431189775
NCU09810.7	1.3090169943749472	0.7580781044003322	0.28066019966134903	0.02185239926619431	0.06030737921409146	0.38433852467434115	0.895471536732346	1.438371146789077	1.8480480961564256	2.0	1.8480480961564263	1.438371146789078
NCU09896.7	1.848048096156426	2.0	1.848048096156426	1.4383711467890776	0.8954715367323469	0.38433852467434215	0.060307379214091905	0.02185239926619431	0.28066019966134814	0.7580781044003317	1.3090169943749468	1.7660444431189775
NCU02677.7	0.02185239926619431	0.06030737921409146	0.38433852467434115	0.8954715367323458	1.4383711467890765	1.8480480961564254	2.0	1.8480480961564265	1.4383711467890783	0.8954715367323476	0.3843385246743425	0.060307379214092016
NCU07281.7	2.0	1.848048096156426	1.4383711467890776	0.8954715367323469	0.38433852467434215	0.060307379214092016	0.02185239926619431	0.28066019966134814	0.7580781044003315	1.3090169943749468	1.7660444431189775	1.9902680687415701
NCU00461.7	1.9902680687415704	1.7660444431189783	1.3090169943749481	0.7580781044003333	0.2806601996613497	0.021852399266194644	0.06030737921409135	0.3843385246743407	0.8954715367323454	1.4383711467890765	1.8480480961564254	2.0
NCU02954.7	0.28066019966134903	0.02185239926619431	0.06030737921409146	0.38433852467434115	0.8954715367323458	1.4383711467890765	1.8480480961564256	2.0	1.8480480961564265	1.438371146789078	0.8954715367323476	0.3843385246743425
NCU03176.7	1.848048096156426	2.0	1.848048096156426	1.4383711467890776	0.8954715367323469	0.38433852467434215	0.060307379214091905	0.02185239926619431	0.28066019966134814	0.7580781044003317	1.3090169943749468	1.7660444431189775
NCU08384.7	2.0	1.848048096156426	1.4383711467890776	0.8954715367323469	0.38433852467434215	0.060307379214092016	0.02185239926619431	0.28066019966134814	0.7580781044003315	1.3090169943749468	1.7660444431189775	1.9902680687415701
NCU04352.7	0.28066019966134903	0.02185239926619431	0.06030737921409146	0.38433852467434115	0.8954715367323458	1.4383711467890765	1.8480480961564256	2.0	1.8480480961564265	1.438371146789078	0.8954715367323476	0.3843385246743425
NCU02430.7	1.4383711467890776	1.848048096156426	2.0	1.848048096156426	1.4383711467890776	0.8954715367323469	0.3843385246743418	0.060307379214091905	0.02185239926619431	0.2806601996613487	0.7580781044003317	1.3090169943749468
NCU00261.7	1.848048096156426	2.0	1.848048096156426	1.4383711467890776	0.8954715367323469	0.38433852467434215	0.060307379214091905	0.02185239926619431	0.28066019966134814	0.7580781044003317	1.3090169943749468	1.7660444431189775
NCU02193.7	0.38433852467434215	0.8954715367323469	1.4383711467890776	1.848048096156426	2.0	1.848048096156426	1.4383711467890774	0.8954715367323467	0.3843385246743418	0.06030737921409157	0.02185239926619431	0.2806601996613487
NCU05731.7	0.8954715367323469	1.4383711467890776	1.848048096156426	2.0	1.848048096156426	1.4383711467890776	0.8954715367323467	0.3843385246743418	0.060307379214091905	0.02185239926619431	0.2806601996613487	0.7580781044003317
NCU04277.7	1.4383711467890776	1.848048096156426	2.0	1.848048096156426	1.4383711467890776	0.8954715367323469	0.3843385246743418	0.060307379214091905	0.02185239926619431	0.2806601996613487	0.7580781044003317	1.3090169943749468
NCU02797.7	2.0	1.848048096156426	1.4383711467890776	0.8954715367323469	0.38433852467434215	0.060307379214092016	0.02185239926619431	0.28066019966134814	0.7580781044003315	1.3090169943749468	1.7660444431189775	1.9902680687415701
NCU04221.7	1.7660444431189772	1.3090169943749463	0.7580781044003313	0.28066019966134814	0.02185239926619431	0.060307379214091905	0.38433852467434215	0.8954715367323469	1.4383711467890778	1.8480480961564263	2.0	1.8480480961564258
NCU02450.7	1.4383711467890776	1.848048096156426	2.0	1.848048096156426	1.4383711467890776	0.8954715367323469	0.3843385246743418	0.060307379214091905	0.02185239926619431	0.2806601996613487	0.7580781044003317	1.3090169943749468
NCU06112.7	0.02185239926619431	0.06030737921409146	0.38433852467434115	0.8954715367323458	1.4383711467890765	1.8480480961564254	2.0	1.8480480961564265	1.4383711467890783	0.8954715367323476	0.3843385246743425	0.060307379214092016
NCU00409.7	0.02185239926619431	0.06030737921409146	0.38433852467434115	0.8954715367323458	1.4383711467890765	1.8480480961564254	2.0	1.8480480961564265	1.4383711467890783	0.8954715367323476	0.3843385246743425	0.060307379214092016
NCU01119.7	2.0	1.848048096156426	1.4383711467890776	0.8954715367323469	0.38433852467434215	0.060307379214092016	0.02185239926619431	0.28066019966134814	0.7580781044003315	1.3090169943749468	1.7660444431189775	1.9902680687415701
NCU09111.7	0.060307379214092016	0.38433852467434215	0.8954715367323469	1.4383711467890776	1.848048096156426	2.0	1.8480480961564258	1.4383711467890774	0.8954715367323467	0.38433852467434115	0.06030737921409157	0.02185239926619431
NCU08352.7	1.4383711467890776	1.848048096156426	2.0	1.848048096156426	1.4383711467890776	0.8954715367323469	0.3843385246743418	0.060307379214091905	0.02185239926619431	0.2806601996613487	0.7580781044003317	1.3090169943749468
NCU04796.7	0.7580781044003322	0.28066019966134903	0.02185239926619431	0.06030737921409146	0.38433852467434115	0.8954715367323458	1.438371146789077	1.8480480961564256	2.0	1.8480480961564263	1.438371146789078	0.8954715367323476
NCU06189.7	1.848048096156426	2.0	1.848048096156426	1.4383711467890776	0.8954715367323469	0.38433852467434215	0.060307379214091905	0.02185239926619431	0.28066019966134814	0.7580781044003317	1.3090169943749468	1.7660444431189775
NCU02998.7	0.060307379214092016	0.38433852467434215	0.8954715367323469	1.4383711467890776	1.848048096156426	2.0	1.8480480961564258	1.4383711467890774	0.8954715367323467	0.38433852467434115	0.06030737921409157	0.02185239926619431
NCU02657.7	0.02185239926619431	0.06030737921409146	0.38433852467434115	0.8954715367323458	1.4383711467890765	1.8480480961564254	2.0	1.8480480961564265	1.4383711467890783	0.8954715367323476	0.3843385246743425	0.060307379214092016
NCU06761.7	1.7660444431189772	1.3090169943749463	0.7580781044003313	0.28066019966134814	0.02185239926619431	0.060307379214091905	0.38433852467434215	0.8954715367323469	1.4383711467890778	1.8480480961564263	2.0	1.8480480961564258
NCU04385.7	0.060307379214092016	0.38433852467434215	0.8954715367323469	1.4383711467890776	1.848048096156426	2.0	1.8480480961564258	1.4383711467890774	0.8954715367323467	0.38433852467434115	0.06030737921409157	0.02185239926619431
NCU01546.7	1.7660444431189772	1.3090169943749463	0.7580781044003313	0.28066019966134814	0.02185239926619431	0.060307379214091905	0.38433852467434215	0.8954715367323469	1.4383711467890778	1.8480480961564263	2.0	1.8480480961564258
NCU03935.7	0.060307379214092016	0.38433852467434215	0.8954715367323469	1.4383711467890776	1.848048096156426	2.0	1.8480480961564258	1.4383711467890774	0.8954715367323467	0.38433852467434115	0.06030737921409157	0.02185239926619431
NCU05290.7	0.02185239926619431	0.06030737921409146	0.38433852467434115	0.8954715367323458	1.4383711467890765	1.8480480961564254	2.0	1.8480480961564265	1.4383711467890783	0.8954715367323476	0.3843385246743425	0.060307379214092016
NCU06722.7	1.7660444431189772	1.3090169943749463	0.7580781044003313	0.28066019966134814	0.02185239926619431	0.060307379214091905	0.38433852467434215	0.8954715367323469	1.4383711467890778	1.8480480961564263	2.0	1.8480480961564258
NCU06783.7	1.4383711467890776	1.848048096156426	2.0	1.848048096156426	1.4383711467890776	0.8954715367323469	0.3843385246743418	0.060307379214091905	0.02185239926619431	0.2806601996613487	0.7580781044003317	1.3090169943749468
NCU01332.7	0.8954715367323469	1.4383711467890776	1.848048096156426	2.0	1.848048096156426	1.4383711467890776	0.8954715367323467	0.3843385246743418	0.060307379214091905	0.02185239926619431	0.2806601996613487	0.7580781044003317
NCU01666.7	1.848048096156426	2.0	1.848048096156426	1.4383711467890776	0.8954715367323469	0.38433852467434215	0.060307379214091905	0.02185239926619431	0.28066019966134814	0.7580781044003317	1.3090169943749468	1.7660444431189775
NCU03100.7	0.38433852467434215	0.8954715367323469	1.4383711467890776	1.848048096156426	2.0	1.848048096156426	1.4383711467890774	0.8954715367323467	0.3843385246743418	0.06030737921409157	0.02185239926619431	0.2806601996613487
NCU08924.7	0.02185239926619431	0.06030737921409146	0.38433852467434115	0.8954715367323458	1.4383711467890765	1.8480480961564254	2.0	1.8480480961564265	1.4383711467890783	0.8954715367323476	0.3843385246743425	0.060307379214092016
NCU06017.7	1.848048096156426	2.0	1.848048096156426	1.4383711467890776	0.8954715367323469	0.38433852467434215	0.060307379214091905	0.02185239926619431	0.28066019966134814	0.7580781044003317	1.3090169943749468	1.7660444431189775
NCU05454.7	1.848048096156426	2.0	1.848048096156426	1.4383711467890776	0.8954715367323469	0.38433852467434215	0.060307379214091905	0.02185239926619431	0.28066019966134814	0.7580781044003317	1.3090169943749468	1.7660444431189775
NCU05259.7	1.4383711467890776	1.848048096156426	2.0	1.848048096156426	1.4383711467890776	0.8954715367323469	0.3843385246743418	0.060307379214091905	0.02185239926619431	0.2806601996613487	0.7580781044003317	1.3090169943749468
NCU06512.7	1.848048096156426	2.0	1.848048096156426	1.4383711467890776	0.8954715367323469	0.38433852467434215	0.060307379214091905	0.02185239926619431	0.28066019966134814	0.7580781044003317	1.3090169943749468	1.7660444431189775
NCU09646.7	0.02185239926619431	0.06030737921409146	0.38433852467434115	0.8954715367323458	1.4383711467890765	1.8480480961564254	2.0	1.8480480961564265	1.4383711467890783	0.8954715367323476	0.3843385246743425	0.060307379214092016
NCU07446.7	2.0	1.848048096156426	1.4383711467890776	0.8954715367323469	0.38433852467434215	0.060307379214092016	0.02185239926619431	0.28066019966134814	0.7580781044003315	1.3090169943749468	1.7660444431189775	1.9902680687415701
NCU08272.7	0.02185239926619431	0.06030737921409146	0.38433852467434115	0.8954715367323458	1.4383711467890765	1.8480480961564254	2.0	1.8480480961564265	1.4383711467890783	0.8954715367323476	0.3843385246743425	0.060307379214092016
NCU02468.7	1.9902680687415704	1.7660444431189783	1.3090169943749481	0.7580781044003333	0.2806601996613497	0.021852399266194644	0.06030737921409135	0.3843385246743407	0.8954715367323454	1.4383711467890765	1.8480480961564254	2.0
NCU03139.7	1.7660444431189772	1.3090169943749463	0.7580781044003313	0.28066019966134814	0.02185239926619431	0.060307379214091905	0.38433852467434215	0.8954715367323469	1.4383711467890778	1.8480480961564263	2.0	1.8480480961564258
NCU09560.7	2.0	1.848048096156426	1.4383711467890776	0.8954715367323469	0.38433852467434215	0.060307379214092016	0.02185239926619431	0.28066019966134814	0.7580781044003315	1.3090169943749468	1.7660444431189775	1.9902680687415701
NCU09892.7	0.38433852467434215	0.8954715367323469	1.4383711467890776	1.848048096156426	2.0	1.848048096156426	1.4383711467890774	0.8954715367323467	0.3843385246743418	0.06030737921409157	0.02185239926619431	0.2806601996613487
NCU10007.7	0.060307379214092016	0.38433852467434215	0.8954715367323469	1.4383711467890776	1.848048096156426	2.0	1.8480480961564258	1.4383711467890774	0.8954715367323467	0.38433852467434115	0.06030737921409157	0.02185239926619431
NCU00963.7	0.02185239926619431	0.06030737921409146	0.38433852467434115	0.8954715367323458	1.4383711467890765	1.8480480961564254	2.0	1.8480480961564265	1.4383711467890783	0.8954715367323476	0.3843385246743425	0.060307379214092016
NCU01227.7	0.060307379214092016	0.38433852467434215	0.8954715367323469	1.4383711467890776	1.848048096156426	2.0	1.8480480961564258	1.4383711467890774	0.8954715367323467	0.38433852467434115	0.06030737921409157	0.02185239926619431
NCU02333.7	0.7580781044003322	0.28066019966134903	0.02185239926619431	0.06030737921409146	0.38433852467434115	0.8954715367323458	1.438371146789077	1.8480480961564256	2.0	1.8480480961564263	1.438371146789078	0.8954715367323476
NCU10468.7	1.4383711467890776	1.848048096156426	2.0	1.848048096156426	1.4383711467890776	0.8954715367323469	0.3843385246743418	0.060307379214091905	0.02185239926619431	0.2806601996613487	0.7580781044003317	1.3090169943749468
NCU09090.7	1.3090169943749472	0.7580781044003322	0.28066019966134903	0.02185239926619431	0.06030737921409146	0.38433852467434115	0.895471536732346	1.438371146789077	1.8480480961564256	2.0	1.8480480961564263	1.438371146789078
NCU04289.7	2.0	1.848048096156426	1.4383711467890776	0.8954715367323469	0.38433852467434215	0.060307379214092016	0.02185239926619431	0.28066019966134814	0.7580781044003315	1.3090169943749468	1.7660444431189775	1.9902680687415701
NCU01484.7	0.38433852467434215	0.8954715367323469	1.4383711467890776	1.848048096156426	2.0	1.848048096156426	1.4383711467890774	0.8954715367323467	0.3843385246743418	0.06030737921409157	0.02185239926619431	0.2806601996613487
NCU05410.7	0.02185239926619431	0.06030737921409146	0.38433852467434115	0.8954715367323458	1.4383711467890765	1.8480480961564254	2.0	1.8480480961564265	1.4383711467890783	0.8954715367323476	0.3843385246743425	0.060307379214092016
