$Gene	0h	2h	4h	6h	8h	10h	12h	14h	16h	18h	20h
NCU04856.7	0.139850852105	0.540833546613	1.08135867467	1.5971585917	1.93147973893	1.98272064671	1.73530900806	1.26443416204	0.713196767289	0.249119967018	0.0132384678874
NCU03166.7	1.99891711134	1.8717844137	1.47971311325	0.94185517109	0.421667663832	0.0772375556446	0.0132384678874	0.249119967019	0.713196767289	1.26443416204	1.73530900806
NCU05627.7	1.99891711134	1.8717844137	1.47971311325	0.94185517109	0.421667663832	0.0772375556446	0.0132384678874	0.249119967019	0.713196767289	1.26443416204	1.73530900806
NCU04510.7	1.97514935431	1.94437637024	1.62660381136	1.11840396831	0.574220708435	0.159433396504	9.74759906958e-05	0.144635739839	0.549122459311	1.0906325802	1.60459911486
NCU06142.7	0.830937189948	0.334335381462	0.0400315851913	0.0374658454408	0.32741790029	0.821770216223	1.37028724209	1.80627256515	1.99722858562	1.88512304179	1.50402523529
NCU03154.7	1.97514935431	1.94437637024	1.62660381136	1.11840396831	0.574220708435	0.159433396504	9.74759906958e-05	0.144635739839	0.549122459311	1.0906325802	1.60459911486
NCU06110.7	1.41310442982	0.867743609743	0.362576010251	0.0511239883555	0.0280389994215	0.300336659487	0.785264672833	1.33545156975	1.78369345733	1.99376791916	1.90183252641
NCU10053.7	0.00182985389577	0.12146063576	0.50808287562	1.04420060265	1.56688559823	1.91729190198	1.98892970396	1.76002800338	1.30015089862	0.749056792884	0.274225283308
NCU08671.7	1.99891711134	1.8717844137	1.47971311325	0.94185517109	0.421667663832	0.0772375556446	0.0132384678874	0.249119967019	0.713196767289	1.26443416204	1.73530900806
NCU01902.7	0.00182985389577	0.12146063576	0.50808287562	1.04420060265	1.56688559823	1.91729190198	1.98892970396	1.76002800338	1.30015089862	0.749056792884	0.274225283308
NCU03922.7	1.99891711134	1.8717844137	1.47971311325	0.94185517109	0.421667663832	0.0772375556446	0.0132384678874	0.249119967019	0.713196767289	1.26443416204	1.73530900806
NCU04008.7	1.99891711134	1.8717844137	1.47971311325	0.94185517109	0.421667663832	0.0772375556446	0.0132384678874	0.249119967019	0.713196767289	1.26443416204	1.73530900806
NCU05537.7	0.830937189948	0.334335381462	0.0400315851913	0.0374658454408	0.32741790029	0.821770216223	1.37028724209	1.80627256515	1.99722858562	1.88512304179	1.50402523529
NCU03633.7	1.97514935431	1.94437637024	1.62660381136	1.11840396831	0.574220708435	0.159433396504	9.74759906958e-05	0.144635739839	0.549122459311	1.0906325802	1.60459911486
NCU10893.7	0.830937189948	0.334335381462	0.0400315851913	0.0374658454408	0.32741790029	0.821770216223	1.37028724209	1.80627256515	1.99722858562	1.88512304179	1.50402523529
NCU01859.7	0.830937189948	0.334335381462	0.0400315851913	0.0374658454408	0.32741790029	0.821770216223	1.37028724209	1.80627256515	1.99722858562	1.88512304179	1.50402523529
NCU02287.7	0.139850852105	0.540833546613	1.08135867467	1.5971585917	1.93147973893	1.98272064671	1.73530900806	1.26443416204	0.713196767289	0.249119967018	0.0132384678874
NCU03846.7	0.307017488691	0.0302698783093	0.0482269443388	0.355431466038	0.858522819523	1.40460962686	1.82773402796	1.99930690622	1.86718661062	1.47152500209	0.932565149998
NCU06482.7	0.830937189948	0.334335381462	0.0400315851913	0.0374658454408	0.32741790029	0.821770216223	1.37028724209	1.80627256515	1.99722858562	1.88512304179	1.50402523529
NCU07849.7	1.99891711134	1.8717844137	1.47971311325	0.94185517109	0.421667663832	0.0772375556446	0.0132384678874	0.249119967019	0.713196767289	1.26443416204	1.73530900806
NCU10400.7	1.99891711134	1.8717844137	1.47971311325	0.94185517109	0.421667663832	0.0772375556446	0.0132384678874	0.249119967019	0.713196767289	1.26443416204	1.73530900806
NCU02585.7	1.68284886688	1.96622632199	1.95596391876	1.65518044061	1.15528513184	0.608198080218	0.18018112388	0.00131024560874	0.125944986395	0.516208373945	1.05349787878
NCU04623.7	1.97514935431	1.94437637024	1.62660381136	1.11840396831	0.574220708435	0.159433396504	9.74759906958e-05	0.144635739839	0.549122459311	1.0906325802	1.60459911486
NCU07413.7	1.41310442982	0.867743609743	0.362576010251	0.0511239883555	0.0280389994215	0.300336659487	0.785264672833	1.33545156975	1.78369345733	1.99376791916	1.90183252641
NCU00985.7	1.97514935431	1.94437637024	1.62660381136	1.11840396831	0.574220708435	0.159433396504	9.74759906958e-05	0.144635739839	0.549122459311	1.0906325802	1.60459911486
NCU03255.7	1.41310442982	0.867743609743	0.362576010251	0.0511239883555	0.0280389994215	0.300336659487	0.785264672833	1.33545156975	1.78369345733	1.99376791916	1.90183252641
NCU03539.7	1.41310442982	0.867743609743	0.362576010251	0.0511239883555	0.0280389994215	0.300336659487	0.785264672833	1.33545156975	1.78369345733	1.99376791916	1.90183252641
NCU02906.7	1.99891711134	1.8717844137	1.47971311325	0.94185517109	0.421667663832	0.0772375556446	0.0132384678874	0.249119967019	0.713196767289	1.26443416204	1.73530900806
NCU02583.7	1.99891711134	1.8717844137	1.47971311325	0.94185517109	0.421667663832	0.0772375556446	0.0132384678874	0.249119967019	0.713196767289	1.26443416204	1.73530900806
NCU00194.7	0.307017488691	0.0302698783093	0.0482269443388	0.355431466038	0.858522819523	1.40460962686	1.82773402796	1.99930690622	1.86718661062	1.47152500209	0.932565149998
NCU00810.7	1.68284886688	1.96622632199	1.95596391876	1.65518044061	1.15528513184	0.608198080218	0.18018112388	0.00131024560874	0.125944986395	0.516208373945	1.05349787878
NCU09652.7	1.97514935431	1.94437637024	1.62660381136	1.11840396831	0.574220708435	0.159433396504	9.74759906958e-05	0.144635739839	0.549122459311	1.0906325802	1.60459911486
NCU00792.7	0.830937189948	0.334335381462	0.0400315851913	0.0374658454408	0.32741790029	0.821770216223	1.37028724209	1.80627256515	1.99722858562	1.88512304179	1.50402523529
NCU02004.7	0.307017488691	0.0302698783093	0.0482269443388	0.355431466038	0.858522819523	1.40460962686	1.82773402796	1.99930690622	1.86718661062	1.47152500209	0.932565149998
NCU01692.7	0.830937189948	0.334335381462	0.0400315851913	0.0374658454408	0.32741790029	0.821770216223	1.37028724209	1.80627256515	1.99722858562	1.88512304179	1.50402523529
NCU07926.7	0.574220708435	1.11840396831	1.62660381136	1.94437637024	1.97514935431	1.70957073654	1.22835087011	0.677734304769	0.225055511296	0.00788529868552	0.0922225214671
NCU01747.7	0.830937189948	0.334335381462	0.0400315851913	0.0374658454408	0.32741790029	0.821770216223	1.37028724209	1.80627256515	1.99722858562	1.88512304179	1.50402523529
NCU02505.7	1.99891711134	1.8717844137	1.47971311325	0.94185517109	0.421667663832	0.0772375556446	0.0132384678874	0.249119967019	0.713196767289	1.26443416204	1.73530900806
NCU05642.7	0.830937189948	0.334335381462	0.0400315851913	0.0374658454408	0.32741790029	0.821770216223	1.37028724209	1.80627256515	1.99722858562	1.88512304179	1.50402523529
NCU03216.7	0.830937189948	0.334335381462	0.0400315851913	0.0374658454408	0.32741790029	0.821770216223	1.37028724209	1.80627256515	1.99722858562	1.88512304179	1.50402523529
NCU02395.7	1.97514935431	1.94437637024	1.62660381136	1.11840396831	0.574220708435	0.159433396504	9.74759906958e-05	0.144635739839	0.549122459311	1.0906325802	1.60459911486
NCU02090.7	0.00182985389577	0.12146063576	0.50808287562	1.04420060265	1.56688559823	1.91729190198	1.98892970396	1.76002800338	1.30015089862	0.749056792884	0.274225283308
NCU01905.7	0.830937189948	0.334335381462	0.0400315851913	0.0374658454408	0.32741790029	0.821770216223	1.37028724209	1.80627256515	1.99722858562	1.88512304179	1.50402523529
NCU09497.7	0.00182985389577	0.12146063576	0.50808287562	1.04420060265	1.56688559823	1.91729190198	1.98892970396	1.76002800338	1.30015089862	0.749056792884	0.274225283308
NCU02282.7	0.574220708435	1.11840396831	1.62660381136	1.94437637024	1.97514935431	1.70957073654	1.22835087011	0.677734304769	0.225055511296	0.00788529868552	0.0922225214671
NCU02127.7	0.830937189948	0.334335381462	0.0400315851913	0.0374658454408	0.32741790029	0.821770216223	1.37028724209	1.80627256515	1.99722858562	1.88512304179	1.50402523529
NCU08755.7	1.68284886688	1.96622632199	1.95596391876	1.65518044061	1.15528513184	0.608198080218	0.18018112388	0.00131024560874	0.125944986395	0.516208373945	1.05349787878
NCU00484.7	1.41310442982	0.867743609743	0.362576010251	0.0511239883555	0.0280389994215	0.300336659487	0.785264672833	1.33545156975	1.78369345733	1.99376791916	1.90183252641
NCU01813.7	0.00182985389577	0.12146063576	0.50808287562	1.04420060265	1.56688559823	1.91729190198	1.98892970396	1.76002800338	1.30015089862	0.749056792884	0.274225283308
NCU07027.7	1.97514935431	1.94437637024	1.62660381136	1.11840396831	0.574220708435	0.159433396504	9.74759906958e-05	0.144635739839	0.549122459311	1.0906325802	1.60459911486
NCU03973.7	0.830937189948	0.334335381462	0.0400315851913	0.0374658454408	0.32741790029	0.821770216223	1.37028724209	1.80627256515	1.99722858562	1.88512304179	1.50402523529
NCU05404.7	0.00182985389577	0.12146063576	0.50808287562	1.04420060265	1.56688559823	1.91729190198	1.98892970396	1.76002800338	1.30015089862	0.749056792884	0.274225283308
NCU04019.7	0.574220708435	1.11840396831	1.62660381136	1.94437637024	1.97514935431	1.70957073654	1.22835087011	0.677734304769	0.225055511296	0.00788529868552	0.0922225214671
NCU03347.7	0.830937189948	0.334335381462	0.0400315851913	0.0374658454408	0.32741790029	0.821770216223	1.37028724209	1.80627256515	1.99722858562	1.88512304179	1.50402523529
NCU04237.7	1.99891711134	1.8717844137	1.47971311325	0.94185517109	0.421667663832	0.0772375556446	0.0132384678874	0.249119967019	0.713196767289	1.26443416204	1.73530900806
NCU05009.7	0.139850852105	0.540833546613	1.08135867467	1.5971585917	1.93147973893	1.98272064671	1.73530900806	1.26443416204	0.713196767289	0.249119967018	0.0132384678874
NCU08687.7	1.41310442982	0.867743609743	0.362576010251	0.0511239883555	0.0280389994215	0.300336659487	0.785264672833	1.33545156975	1.78369345733	1.99376791916	1.90183252641
NCU05982.7	1.99891711134	1.8717844137	1.47971311325	0.94185517109	0.421667663832	0.0772375556446	0.0132384678874	0.249119967019	0.713196767289	1.26443416204	1.73530900806
NCU00008.7	0.00182985389577	0.12146063576	0.50808287562	1.04420060265	1.56688559823	1.91729190198	1.98892970396	1.76002800338	1.30015089862	0.749056792884	0.274225283308
NCU03813.7	1.99891711134	1.8717844137	1.47971311325	0.94185517109	0.421667663832	0.0772375556446	0.0132384678874	0.249119967019	0.713196767289	1.26443416204	1.73530900806
NCU01528.7	0.0218523992662	0.0603073792141	0.384338524674	0.895471536732	1.43837114679	1.84804809616	2.0	1.84804809616	1.43837114679	0.895471536732	0.384338524674
NCU05221.7	1.68284886688	1.96622632199	1.95596391876	1.65518044061	1.15528513184	0.608198080218	0.18018112388	0.00131024560874	0.125944986395	0.516208373945	1.05349787878
NCU02408.7	0.307017488691	0.0302698783093	0.0482269443388	0.355431466038	0.858522819523	1.40460962686	1.82773402796	1.99930690622	1.86718661062	1.47152500209	0.932565149998
NCU07608.7	1.97514935431	1.94437637024	1.62660381136	1.11840396831	0.574220708435	0.159433396504	9.74759906958e-05	0.144635739839	0.549122459311	1.0906325802	1.60459911486
NCU07053.7	1.68284886688	1.96622632199	1.95596391876	1.65518044061	1.15528513184	0.608198080218	0.18018112388	0.00131024560874	0.125944986395	0.516208373945	1.05349787878
NCU07725.7	0.0218523992662	0.0603073792141	0.384338524674	0.895471536732	1.43837114679	1.84804809616	2.0	1.84804809616	1.43837114679	0.895471536732	0.384338524674
NCU02296.7	0.00182985389577	0.12146063576	0.50808287562	1.04420060265	1.56688559823	1.91729190198	1.98892970396	1.76002800338	1.30015089862	0.749056792884	0.274225283308
NCU08549.7	1.99891711134	1.8717844137	1.47971311325	0.94185517109	0.421667663832	0.0772375556446	0.0132384678874	0.249119967019	0.713196767289	1.26443416204	1.73530900806
NCU06232.7	1.99891711134	1.8717844137	1.47971311325	0.94185517109	0.421667663832	0.0772375556446	0.0132384678874	0.249119967019	0.713196767289	1.26443416204	1.73530900806
NCU09715.7	1.99891711134	1.8717844137	1.47971311325	0.94185517109	0.421667663832	0.0772375556446	0.0132384678874	0.249119967019	0.713196767289	1.26443416204	1.73530900806
NCU00468.7	0.00182985389577	0.12146063576	0.50808287562	1.04420060265	1.56688559823	1.91729190198	1.98892970396	1.76002800338	1.30015089862	0.749056792884	0.274225283308
NCU06187.7	0.307017488691	0.0302698783093	0.0482269443388	0.355431466038	0.858522819523	1.40460962686	1.82773402796	1.99930690622	1.86718661062	1.47152500209	0.932565149998
NCU08133.7	1.99891711134	1.8717844137	1.47971311325	0.94185517109	0.421667663832	0.0772375556446	0.0132384678874	0.249119967019	0.713196767289	1.26443416204	1.73530900806
NCU02240.7	1.68284886688	1.96622632199	1.95596391876	1.65518044061	1.15528513184	0.608198080218	0.18018112388	0.00131024560874	0.125944986395	0.516208373945	1.05349787878
NCU01271.7	1.99891711134	1.8717844137	1.47971311325	0.94185517109	0.421667663832	0.0772375556446	0.0132384678874	0.249119967019	0.713196767289	1.26443416204	1.73530900806
NCU01786.7	0.0218523992662	0.0603073792141	0.384338524674	0.895471536732	1.43837114679	1.84804809616	2.0	1.84804809616	1.43837114679	0.895471536732	0.384338524674
NCU00378.7	0.307017488691	0.0302698783093	0.0482269443388	0.355431466038	0.858522819523	1.40460962686	1.82773402796	1.99930690622	1.86718661062	1.47152500209	0.932565149998
NCU07807.7	0.0218523992662	0.0603073792141	0.384338524674	0.895471536732	1.43837114679	1.84804809616	2.0	1.84804809616	1.43837114679	0.895471536732	0.384338524674
NCU01427.7	0.830937189948	0.334335381462	0.0400315851913	0.0374658454408	0.32741790029	0.821770216223	1.37028724209	1.80627256515	1.99722858562	1.88512304179	1.50402523529
NCU00567.7	1.85294399739	1.44671838928	0.904733361701	0.391700228251	0.0635317116505	0.0199594736576	0.274225283308	0.749056792884	1.30015089862	1.76002800338	1.98892970396
NCU03282.7	1.97514935431	1.94437637024	1.62660381136	1.11840396831	0.574220708435	0.159433396504	9.74759906958e-05	0.144635739839	0.549122459311	1.0906325802	1.60459911486
NCU03929.7	1.99891711134	1.8717844137	1.47971311325	0.94185517109	0.421667663832	0.0772375556446	0.0132384678874	0.249119967019	0.713196767289	1.26443416204	1.73530900806
NCU06191.7	0.139850852105	0.540833546613	1.08135867467	1.5971585917	1.93147973893	1.98272064671	1.73530900806	1.26443416204	0.713196767289	0.249119967018	0.0132384678874
NCU06845.7	0.00182985389577	0.12146063576	0.50808287562	1.04420060265	1.56688559823	1.91729190198	1.98892970396	1.76002800338	1.30015089862	0.749056792884	0.274225283308
NCU00585.7	0.307017488691	0.0302698783093	0.0482269443388	0.355431466038	0.858522819523	1.40460962686	1.82773402796	1.99930690622	1.86718661062	1.47152500209	0.932565149998
NCU08471.7	0.0218523992662	0.0603073792141	0.384338524674	0.895471536732	1.43837114679	1.84804809616	2.0	1.84804809616	1.43837114679	0.895471536732	0.384338524674
NCU02209.7	0.830937189948	0.334335381462	0.0400315851913	0.0374658454408	0.32741790029	0.821770216223	1.37028724209	1.80627256515	1.99722858562	1.88512304179	1.50402523529
NCU07682.7	1.68284886688	1.96622632199	1.95596391876	1.65518044061	1.15528513184	0.608198080218	0.18018112388	0.00131024560874	0.125944986395	0.516208373945	1.05349787878
NCU01449.7	0.830937189948	0.334335381462	0.0400315851913	0.0374658454408	0.32741790029	0.821770216223	1.37028724209	1.80627256515	1.99722858562	1.88512304179	1.50402523529
NCU03777.7	0.830937189948	0.334335381462	0.0400315851913	0.0374658454408	0.32741790029	0.821770216223	1.37028724209	1.80627256515	1.99722858562	1.88512304179	1.50402523529
NCU00087.7	1.68284886688	1.96622632199	1.95596391876	1.65518044061	1.15528513184	0.608198080218	0.18018112388	0.00131024560874	0.125944986395	0.516208373945	1.05349787878
NCU05853.7	1.97514935431	1.94437637024	1.62660381136	1.11840396831	0.574220708435	0.159433396504	9.74759906958e-05	0.144635739839	0.549122459311	1.0906325802	1.60459911486
NCU00837.7	1.68284886688	1.96622632199	1.95596391876	1.65518044061	1.15528513184	0.608198080218	0.18018112388	0.00131024560874	0.125944986395	0.516208373945	1.05349787878
NCU00709.7	1.97514935431	1.94437637024	1.62660381136	1.11840396831	0.574220708435	0.159433396504	9.74759906958e-05	0.144635739839	0.549122459311	1.0906325802	1.60459911486
NCU05689.7	1.68284886688	1.96622632199	1.95596391876	1.65518044061	1.15528513184	0.608198080218	0.18018112388	0.00131024560874	0.125944986395	0.516208373945	1.05349787878
NCU04569.7	1.99891711134	1.8717844137	1.47971311325	0.94185517109	0.421667663832	0.0772375556446	0.0132384678874	0.249119967019	0.713196767289	1.26443416204	1.73530900806
NCU06861.7	1.15528513184	1.65518044061	1.95596391876	1.96622632199	1.68284886688	1.19195104105	0.64271856295	0.202065273989	0.00390738654851	0.108465837145	0.483964914516
NCU05542.7	0.00182985389577	0.12146063576	0.50808287562	1.04420060265	1.56688559823	1.91729190198	1.98892970396	1.76002800338	1.30015089862	0.749056792884	0.274225283308
NCU08516.7	1.85294399739	1.44671838928	0.904733361701	0.391700228251	0.0635317116505	0.0199594736576	0.274225283308	0.749056792884	1.30015089862	1.76002800338	1.98892970396
NCU03030.7	0.830937189948	0.334335381462	0.0400315851913	0.0374658454408	0.32741790029	0.821770216223	1.37028724209	1.80627256515	1.99722858562	1.88512304179	1.50402523529
NCU03358.7	1.41310442982	0.867743609743	0.362576010251	0.0511239883555	0.0280389994215	0.300336659487	0.785264672833	1.33545156975	1.78369345733	1.99376791916	1.90183252641
NCU02397.7	1.99891711134	1.8717844137	1.47971311325	0.94185517109	0.421667663832	0.0772375556446	0.0132384678874	0.249119967019	0.713196767289	1.26443416204	1.73530900806
NCU06836.7	0.574220708435	1.11840396831	1.62660381136	1.94437637024	1.97514935431	1.70957073654	1.22835087011	0.677734304769	0.225055511296	0.00788529868552	0.0922225214671
NCU03093.7	0.830937189948	0.334335381462	0.0400315851913	0.0374658454408	0.32741790029	0.821770216223	1.37028724209	1.80627256515	1.99722858562	1.88512304179	1.50402523529
NCU04156.7	0.139850852105	0.540833546613	1.08135867467	1.5971585917	1.93147973893	1.98272064671	1.73530900806	1.26443416204	0.713196767289	0.249119967018	0.0132384678874
NCU02126.7	1.97514935431	1.94437637024	1.62660381136	1.11840396831	0.574220708435	0.159433396504	9.74759906958e-05	0.144635739839	0.549122459311	1.0906325802	1.60459911486
NCU08336.7	0.00182985389577	0.12146063576	0.50808287562	1.04420060265	1.56688559823	1.91729190198	1.98892970396	1.76002800338	1.30015089862	0.749056792884	0.274225283308
NCU02188.7	1.41310442982	0.867743609743	0.362576010251	0.0511239883555	0.0280389994215	0.300336659487	0.785264672833	1.33545156975	1.78369345733	1.99376791916	1.90183252641
NCU01162.7	1.97514935431	1.94437637024	1.62660381136	1.11840396831	0.574220708435	0.159433396504	9.74759906958e-05	0.144635739839	0.549122459311	1.0906325802	1.60459911486
NCU00418.7	1.41310442982	0.867743609743	0.362576010251	0.0511239883555	0.0280389994215	0.300336659487	0.785264672833	1.33545156975	1.78369345733	1.99376791916	1.90183252641
NCU03759.7	1.41310442982	0.867743609743	0.362576010251	0.0511239883555	0.0280389994215	0.300336659487	0.785264672833	1.33545156975	1.78369345733	1.99376791916	1.90183252641
NCU07719.7	1.97514935431	1.94437637024	1.62660381136	1.11840396831	0.574220708435	0.159433396504	9.74759906958e-05	0.144635739839	0.549122459311	1.0906325802	1.60459911486
NCU09897.7	1.99891711134	1.8717844137	1.47971311325	0.94185517109	0.421667663832	0.0772375556446	0.0132384678874	0.249119967019	0.713196767289	1.26443416204	1.73530900806
NCU06970.7	0.139850852105	0.540833546613	1.08135867467	1.5971585917	1.93147973893	1.98272064671	1.73530900806	1.26443416204	0.713196767289	0.249119967018	0.0132384678874
NCU16699.7	1.99891711134	1.8717844137	1.47971311325	0.94185517109	0.421667663832	0.0772375556446	0.0132384678874	0.249119967019	0.713196767289	1.26443416204	1.73530900806
NCU07773.7	1.99891711134	1.8717844137	1.47971311325	0.94185517109	0.421667663832	0.0772375556446	0.0132384678874	0.249119967019	0.713196767289	1.26443416204	1.73530900806
NCU08005.7	0.0218523992662	0.0603073792141	0.384338524674	0.895471536732	1.43837114679	1.84804809616	2.0	1.84804809616	1.43837114679	0.895471536732	0.384338524674
NCU05268.7	1.97514935431	1.94437637024	1.62660381136	1.11840396831	0.574220708435	0.159433396504	9.74759906958e-05	0.144635739839	0.549122459311	1.0906325802	1.60459911486
NCU02322.7	1.99891711134	1.8717844137	1.47971311325	0.94185517109	0.421667663832	0.0772375556446	0.0132384678874	0.249119967019	0.713196767289	1.26443416204	1.73530900806
NCU00892.7	1.99891711134	1.8717844137	1.47971311325	0.94185517109	0.421667663832	0.0772375556446	0.0132384678874	0.249119967019	0.713196767289	1.26443416204	1.73530900806
NCU02702.7	0.139850852105	0.540833546613	1.08135867467	1.5971585917	1.93147973893	1.98272064671	1.73530900806	1.26443416204	0.713196767289	0.249119967018	0.0132384678874
NCU05807.7	0.574220708435	1.11840396831	1.62660381136	1.94437637024	1.97514935431	1.70957073654	1.22835087011	0.677734304769	0.225055511296	0.00788529868552	0.0922225214671
NCU00712.7	0.307017488691	0.0302698783093	0.0482269443388	0.355431466038	0.858522819523	1.40460962686	1.82773402796	1.99930690622	1.86718661062	1.47152500209	0.932565149998
NCU01083.7	0.0218523992662	0.0603073792141	0.384338524674	0.895471536732	1.43837114679	1.84804809616	2.0	1.84804809616	1.43837114679	0.895471536732	0.384338524674
NCU07001.7	0.0218523992662	0.0603073792141	0.384338524674	0.895471536732	1.43837114679	1.84804809616	2.0	1.84804809616	1.43837114679	0.895471536732	0.384338524674
NCU08280.7	1.15528513184	1.65518044061	1.95596391876	1.96622632199	1.68284886688	1.19195104105	0.64271856295	0.202065273989	0.00390738654851	0.108465837145	0.483964914516
NCU00536.7	0.0218523992662	0.0603073792141	0.384338524674	0.895471536732	1.43837114679	1.84804809616	2.0	1.84804809616	1.43837114679	0.895471536732	0.384338524674
NCU03339.7	0.830937189948	0.334335381462	0.0400315851913	0.0374658454408	0.32741790029	0.821770216223	1.37028724209	1.80627256515	1.99722858562	1.88512304179	1.50402523529
NCU01270.7	1.41310442982	0.867743609743	0.362576010251	0.0511239883555	0.0280389994215	0.300336659487	0.785264672833	1.33545156975	1.78369345733	1.99376791916	1.90183252641
NCU04725.7	1.41310442982	0.867743609743	0.362576010251	0.0511239883555	0.0280389994215	0.300336659487	0.785264672833	1.33545156975	1.78369345733	1.99376791916	1.90183252641
NCU02252.7	1.99891711134	1.8717844137	1.47971311325	0.94185517109	0.421667663832	0.0772375556446	0.0132384678874	0.249119967019	0.713196767289	1.26443416204	1.73530900806
NCU08791.7	1.99891711134	1.8717844137	1.47971311325	0.94185517109	0.421667663832	0.0772375556446	0.0132384678874	0.249119967019	0.713196767289	1.26443416204	1.73530900806
NCU07974.7	0.00182985389577	0.12146063576	0.50808287562	1.04420060265	1.56688559823	1.91729190198	1.98892970396	1.76002800338	1.30015089862	0.749056792884	0.274225283308
NCU05882.7	1.68284886688	1.96622632199	1.95596391876	1.65518044061	1.15528513184	0.608198080218	0.18018112388	0.00131024560874	0.125944986395	0.516208373945	1.05349787878
NCU07550.7	1.99891711134	1.8717844137	1.47971311325	0.94185517109	0.421667663832	0.0772375556446	0.0132384678874	0.249119967019	0.713196767289	1.26443416204	1.73530900806
NCU00920.7	0.0218523992662	0.0603073792141	0.384338524674	0.895471536732	1.43837114679	1.84804809616	2.0	1.84804809616	1.43837114679	0.895471536732	0.384338524674
NCU08035.7	1.99891711134	1.8717844137	1.47971311325	0.94185517109	0.421667663832	0.0772375556446	0.0132384678874	0.249119967019	0.713196767289	1.26443416204	1.73530900806
NCU00187.7	1.99891711134	1.8717844137	1.47971311325	0.94185517109	0.421667663832	0.0772375556446	0.0132384678874	0.249119967019	0.713196767289	1.26443416204	1.73530900806
NCU16641.7	1.97514935431	1.94437637024	1.62660381136	1.11840396831	0.574220708435	0.159433396504	9.74759906958e-05	0.144635739839	0.549122459311	1.0906325802	1.60459911486
NCU00369.7	1.15528513184	1.65518044061	1.95596391876	1.96622632199	1.68284886688	1.19195104105	0.64271856295	0.202065273989	0.00390738654851	0.108465837145	0.483964914516
NCU09803.7	1.41310442982	0.867743609743	0.362576010251	0.0511239883555	0.0280389994215	0.300336659487	0.785264672833	1.33545156975	1.78369345733	1.99376791916	1.90183252641
NCU06931.7	1.97514935431	1.94437637024	1.62660381136	1.11840396831	0.574220708435	0.159433396504	9.74759906958e-05	0.144635739839	0.549122459311	1.0906325802	1.60459911486
NCU07130.7	0.139850852105	0.540833546613	1.08135867467	1.5971585917	1.93147973893	1.98272064671	1.73530900806	1.26443416204	0.713196767289	0.249119967018	0.0132384678874
NCU04323.7	1.97514935431	1.94437637024	1.62660381136	1.11840396831	0.574220708435	0.159433396504	9.74759906958e-05	0.144635739839	0.549122459311	1.0906325802	1.60459911486
NCU03254.7	0.00182985389577	0.12146063576	0.50808287562	1.04420060265	1.56688559823	1.91729190198	1.98892970396	1.76002800338	1.30015089862	0.749056792884	0.274225283308
NCU00130.7	1.68284886688	1.96622632199	1.95596391876	1.65518044061	1.15528513184	0.608198080218	0.18018112388	0.00131024560874	0.125944986395	0.516208373945	1.05349787878
NCU06261.7	0.830937189948	0.334335381462	0.0400315851913	0.0374658454408	0.32741790029	0.821770216223	1.37028724209	1.80627256515	1.99722858562	1.88512304179	1.50402523529
NCU01443.7	0.830937189948	0.334335381462	0.0400315851913	0.0374658454408	0.32741790029	0.821770216223	1.37028724209	1.80627256515	1.99722858562	1.88512304179	1.50402523529
NCU01207.7	1.99891711134	1.8717844137	1.47971311325	0.94185517109	0.421667663832	0.0772375556446	0.0132384678874	0.249119967019	0.713196767289	1.26443416204	1.73530900806
NCU10292.7	0.307017488691	0.0302698783093	0.0482269443388	0.355431466038	0.858522819523	1.40460962686	1.82773402796	1.99930690622	1.86718661062	1.47152500209	0.932565149998
NCU07887.7	1.15528513184	1.65518044061	1.95596391876	1.96622632199	1.68284886688	1.19195104105	0.64271856295	0.202065273989	0.00390738654851	0.108465837145	0.483964914516
NCU00466.7	0.307017488691	0.0302698783093	0.0482269443388	0.355431466038	0.858522819523	1.40460962686	1.82773402796	1.99930690622	1.86718661062	1.47152500209	0.932565149998
NCU02746.7	0.307017488691	0.0302698783093	0.0482269443388	0.355431466038	0.858522819523	1.40460962686	1.82773402796	1.99930690622	1.86718661062	1.47152500209	0.932565149998
NCU00720.7	1.68284886688	1.96622632199	1.95596391876	1.65518044061	1.15528513184	0.608198080218	0.18018112388	0.00131024560874	0.125944986395	0.516208373945	1.05349787878
NCU06023.7	0.830937189948	0.334335381462	0.0400315851913	0.0374658454408	0.32741790029	0.821770216223	1.37028724209	1.80627256515	1.99722858562	1.88512304179	1.50402523529
NCU02472.7	1.85294399739	1.44671838928	0.904733361701	0.391700228251	0.0635317116505	0.0199594736576	0.274225283308	0.749056792884	1.30015089862	1.76002800338	1.98892970396
NCU09747.7	1.85294399739	1.44671838928	0.904733361701	0.391700228251	0.0635317116505	0.0199594736576	0.274225283308	0.749056792884	1.30015089862	1.76002800338	1.98892970396
NCU07308.7	0.00182985389577	0.12146063576	0.50808287562	1.04420060265	1.56688559823	1.91729190198	1.98892970396	1.76002800338	1.30015089862	0.749056792884	0.274225283308
NCU10058.7	1.99891711134	1.8717844137	1.47971311325	0.94185517109	0.421667663832	0.0772375556446	0.0132384678874	0.249119967019	0.713196767289	1.26443416204	1.73530900806
NCU00463.7	0.830937189948	0.334335381462	0.0400315851913	0.0374658454408	0.32741790029	0.821770216223	1.37028724209	1.80627256515	1.99722858562	1.88512304179	1.50402523529
NCU02726.7	0.139850852105	0.540833546613	1.08135867467	1.5971585917	1.93147973893	1.98272064671	1.73530900806	1.26443416204	0.713196767289	0.249119967018	0.0132384678874
NCU05851.7	1.15528513184	1.65518044061	1.95596391876	1.96622632199	1.68284886688	1.19195104105	0.64271856295	0.202065273989	0.00390738654851	0.108465837145	0.483964914516
NCU02299.7	0.574220708435	1.11840396831	1.62660381136	1.94437637024	1.97514935431	1.70957073654	1.22835087011	0.677734304769	0.225055511296	0.00788529868552	0.0922225214671
NCU03463.7	0.830937189948	0.334335381462	0.0400315851913	0.0374658454408	0.32741790029	0.821770216223	1.37028724209	1.80627256515	1.99722858562	1.88512304179	1.50402523529
NCU02639.7	1.99891711134	1.8717844137	1.47971311325	0.94185517109	0.421667663832	0.0772375556446	0.0132384678874	0.249119967019	0.713196767289	1.26443416204	1.73530900806
NCU02109.7	1.99891711134	1.8717844137	1.47971311325	0.94185517109	0.421667663832	0.0772375556446	0.0132384678874	0.249119967019	0.713196767289	1.26443416204	1.73530900806
NCU05558.7	1.41310442982	0.867743609743	0.362576010251	0.0511239883555	0.0280389994215	0.300336659487	0.785264672833	1.33545156975	1.78369345733	1.99376791916	1.90183252641
NCU08291.7	0.00182985389577	0.12146063576	0.50808287562	1.04420060265	1.56688559823	1.91729190198	1.98892970396	1.76002800338	1.30015089862	0.749056792884	0.274225283308
NCU06924.7	0.00182985389577	0.12146063576	0.50808287562	1.04420060265	1.56688559823	1.91729190198	1.98892970396	1.76002800338	1.30015089862	0.749056792884	0.274225283308
NCU06918.7	0.830937189948	0.334335381462	0.0400315851913	0.0374658454408	0.32741790029	0.821770216223	1.37028724209	1.80627256515	1.99722858562	1.88512304179	1.50402523529
NCU09041.7	1.99891711134	1.8717844137	1.47971311325	0.94185517109	0.421667663832	0.0772375556446	0.0132384678874	0.249119967019	0.713196767289	1.26443416204	1.73530900806
NCU03648.7	1.99891711134	1.8717844137	1.47971311325	0.94185517109	0.421667663832	0.0772375556446	0.0132384678874	0.249119967019	0.713196767289	1.26443416204	1.73530900806
NCU10359.7	0.830937189948	0.334335381462	0.0400315851913	0.0374658454408	0.32741790029	0.821770216223	1.37028724209	1.80627256515	1.99722858562	1.88512304179	1.50402523529
NCU08976.7	1.41310442982	0.867743609743	0.362576010251	0.0511239883555	0.0280389994215	0.300336659487	0.785264672833	1.33545156975	1.78369345733	1.99376791916	1.90183252641
NCU04594.7	1.99891711134	1.8717844137	1.47971311325	0.94185517109	0.421667663832	0.0772375556446	0.0132384678874	0.249119967019	0.713196767289	1.26443416204	1.73530900806
NCU01900.7	1.41310442982	0.867743609743	0.362576010251	0.0511239883555	0.0280389994215	0.300336659487	0.785264672833	1.33545156975	1.78369345733	1.99376791916	1.90183252641
NCU11196.7	0.307017488691	0.0302698783093	0.0482269443388	0.355431466038	0.858522819523	1.40460962686	1.82773402796	1.99930690622	1.86718661062	1.47152500209	0.932565149998
NCU01175.7	0.307017488691	0.0302698783093	0.0482269443388	0.355431466038	0.858522819523	1.40460962686	1.82773402796	1.99930690622	1.86718661062	1.47152500209	0.932565149998
NCU09058.7	1.15528513184	1.65518044061	1.95596391876	1.96622632199	1.68284886688	1.19195104105	0.64271856295	0.202065273989	0.00390738654851	0.108465837145	0.483964914516
NCU01753.7	1.85294399739	1.44671838928	0.904733361701	0.391700228251	0.0635317116505	0.0199594736576	0.274225283308	0.749056792884	1.30015089862	1.76002800338	1.98892970396
NCU02712.7	1.99891711134	1.8717844137	1.47971311325	0.94185517109	0.421667663832	0.0772375556446	0.0132384678874	0.249119967019	0.713196767289	1.26443416204	1.73530900806
NCU00643.7	1.68284886688	1.96622632199	1.95596391876	1.65518044061	1.15528513184	0.608198080218	0.18018112388	0.00131024560874	0.125944986395	0.516208373945	1.05349787878
NCU02482.7	1.41310442982	0.867743609743	0.362576010251	0.0511239883555	0.0280389994215	0.300336659487	0.785264672833	1.33545156975	1.78369345733	1.99376791916	1.90183252641
NCU10048.7	1.68284886688	1.96622632199	1.95596391876	1.65518044061	1.15528513184	0.608198080218	0.18018112388	0.00131024560874	0.125944986395	0.516208373945	1.05349787878
NCU06785.7	0.830937189948	0.334335381462	0.0400315851913	0.0374658454408	0.32741790029	0.821770216223	1.37028724209	1.80627256515	1.99722858562	1.88512304179	1.50402523529
NCU02564.7	1.99891711134	1.8717844137	1.47971311325	0.94185517109	0.421667663832	0.0772375556446	0.0132384678874	0.249119967019	0.713196767289	1.26443416204	1.73530900806
NCU06029.7	1.15528513184	1.65518044061	1.95596391876	1.96622632199	1.68284886688	1.19195104105	0.64271856295	0.202065273989	0.00390738654851	0.108465837145	0.483964914516
NCU07340.7	1.15528513184	1.65518044061	1.95596391876	1.96622632199	1.68284886688	1.19195104105	0.64271856295	0.202065273989	0.00390738654851	0.108465837145	0.483964914516
NCU05991.7	0.0218523992662	0.0603073792141	0.384338524674	0.895471536732	1.43837114679	1.84804809616	2.0	1.84804809616	1.43837114679	0.895471536732	0.384338524674
NCU05597.7	1.97514935431	1.94437637024	1.62660381136	1.11840396831	0.574220708435	0.159433396504	9.74759906958e-05	0.144635739839	0.549122459311	1.0906325802	1.60459911486
NCU03748.7	0.830937189948	0.334335381462	0.0400315851913	0.0374658454408	0.32741790029	0.821770216223	1.37028724209	1.80627256515	1.99722858562	1.88512304179	1.50402523529
NCU07188.7	0.139850852105	0.540833546613	1.08135867467	1.5971585917	1.93147973893	1.98272064671	1.73530900806	1.26443416204	0.713196767289	0.249119967018	0.0132384678874
NCU01065.7	0.830937189948	0.334335381462	0.0400315851913	0.0374658454408	0.32741790029	0.821770216223	1.37028724209	1.80627256515	1.99722858562	1.88512304179	1.50402523529
NCU07169.7	0.307017488691	0.0302698783093	0.0482269443388	0.355431466038	0.858522819523	1.40460962686	1.82773402796	1.99930690622	1.86718661062	1.47152500209	0.932565149998
NCU01606.7	1.41310442982	0.867743609743	0.362576010251	0.0511239883555	0.0280389994215	0.300336659487	0.785264672833	1.33545156975	1.78369345733	1.99376791916	1.90183252641
NCU04411.7	1.99891711134	1.8717844137	1.47971311325	0.94185517109	0.421667663832	0.0772375556446	0.0132384678874	0.249119967019	0.713196767289	1.26443416204	1.73530900806
NCU04952.7	1.68284886688	1.96622632199	1.95596391876	1.65518044061	1.15528513184	0.608198080218	0.18018112388	0.00131024560874	0.125944986395	0.516208373945	1.05349787878
NCU01142.7	1.41310442982	0.867743609743	0.362576010251	0.0511239883555	0.0280389994215	0.300336659487	0.785264672833	1.33545156975	1.78369345733	1.99376791916	1.90183252641
NCU02227.7	1.97514935431	1.94437637024	1.62660381136	1.11840396831	0.574220708435	0.159433396504	9.74759906958e-05	0.144635739839	0.549122459311	1.0906325802	1.60459911486
NCU05843.7	1.68284886688	1.96622632199	1.95596391876	1.65518044061	1.15528513184	0.608198080218	0.18018112388	0.00131024560874	0.125944986395	0.516208373945	1.05349787878
NCU06727.7	0.830937189948	0.334335381462	0.0400315851913	0.0374658454408	0.32741790029	0.821770216223	1.37028724209	1.80627256515	1.99722858562	1.88512304179	1.50402523529
NCU07930.7	0.830937189948	0.334335381462	0.0400315851913	0.0374658454408	0.32741790029	0.821770216223	1.37028724209	1.80627256515	1.99722858562	1.88512304179	1.50402523529
NCU03756.7	1.85294399739	1.44671838928	0.904733361701	0.391700228251	0.0635317116505	0.0199594736576	0.274225283308	0.749056792884	1.30015089862	1.76002800338	1.98892970396
NCU03488.7	0.139850852105	0.540833546613	1.08135867467	1.5971585917	1.93147973893	1.98272064671	1.73530900806	1.26443416204	0.713196767289	0.249119967018	0.0132384678874
NCU05752.7	1.97514935431	1.94437637024	1.62660381136	1.11840396831	0.574220708435	0.159433396504	9.74759906958e-05	0.144635739839	0.549122459311	1.0906325802	1.60459911486
NCU02291.7	1.85294399739	1.44671838928	0.904733361701	0.391700228251	0.0635317116505	0.0199594736576	0.274225283308	0.749056792884	1.30015089862	1.76002800338	1.98892970396
NCU07941.7	0.139850852105	0.540833546613	1.08135867467	1.5971585917	1.93147973893	1.98272064671	1.73530900806	1.26443416204	0.713196767289	0.249119967018	0.0132384678874
NCU02916.7	1.97514935431	1.94437637024	1.62660381136	1.11840396831	0.574220708435	0.159433396504	9.74759906958e-05	0.144635739839	0.549122459311	1.0906325802	1.60459911486
NCU06075.7	0.00182985389577	0.12146063576	0.50808287562	1.04420060265	1.56688559823	1.91729190198	1.98892970396	1.76002800338	1.30015089862	0.749056792884	0.274225283308
NCU00106.7	1.99891711134	1.8717844137	1.47971311325	0.94185517109	0.421667663832	0.0772375556446	0.0132384678874	0.249119967019	0.713196767289	1.26443416204	1.73530900806
NCU07755.7	0.574220708435	1.11840396831	1.62660381136	1.94437637024	1.97514935431	1.70957073654	1.22835087011	0.677734304769	0.225055511296	0.00788529868552	0.0922225214671
NCU00680.7	0.307017488691	0.0302698783093	0.0482269443388	0.355431466038	0.858522819523	1.40460962686	1.82773402796	1.99930690622	1.86718661062	1.47152500209	0.932565149998
NCU00575.7	0.830937189948	0.334335381462	0.0400315851913	0.0374658454408	0.32741790029	0.821770216223	1.37028724209	1.80627256515	1.99722858562	1.88512304179	1.50402523529
NCU04251.7	0.830937189948	0.334335381462	0.0400315851913	0.0374658454408	0.32741790029	0.821770216223	1.37028724209	1.80627256515	1.99722858562	1.88512304179	1.50402523529
NCU06063.7	1.99891711134	1.8717844137	1.47971311325	0.94185517109	0.421667663832	0.0772375556446	0.0132384678874	0.249119967019	0.713196767289	1.26443416204	1.73530900806
NCU00591.7	0.830937189948	0.334335381462	0.0400315851913	0.0374658454408	0.32741790029	0.821770216223	1.37028724209	1.80627256515	1.99722858562	1.88512304179	1.50402523529
NCU03415.7	0.830937189948	0.334335381462	0.0400315851913	0.0374658454408	0.32741790029	0.821770216223	1.37028724209	1.80627256515	1.99722858562	1.88512304179	1.50402523529
NCU01667.7	0.00182985389577	0.12146063576	0.50808287562	1.04420060265	1.56688559823	1.91729190198	1.98892970396	1.76002800338	1.30015089862	0.749056792884	0.274225283308
NCU02550.7	1.15528513184	1.65518044061	1.95596391876	1.96622632199	1.68284886688	1.19195104105	0.64271856295	0.202065273989	0.00390738654851	0.108465837145	0.483964914516
NCU09705.7	1.85294399739	1.44671838928	0.904733361701	0.391700228251	0.0635317116505	0.0199594736576	0.274225283308	0.749056792884	1.30015089862	1.76002800338	1.98892970396
NCU03117.7	0.0218523992662	0.0603073792141	0.384338524674	0.895471536732	1.43837114679	1.84804809616	2.0	1.84804809616	1.43837114679	0.895471536732	0.384338524674
NCU06613.7	0.307017488691	0.0302698783093	0.0482269443388	0.355431466038	0.858522819523	1.40460962686	1.82773402796	1.99930690622	1.86718661062	1.47152500209	0.932565149998
NCU00843.7	1.15528513184	1.65518044061	1.95596391876	1.96622632199	1.68284886688	1.19195104105	0.64271856295	0.202065273989	0.00390738654851	0.108465837145	0.483964914516
NCU05924.7	0.307017488691	0.0302698783093	0.0482269443388	0.355431466038	0.858522819523	1.40460962686	1.82773402796	1.99930690622	1.86718661062	1.47152500209	0.932565149998
NCU06452.7	1.41310442982	0.867743609743	0.362576010251	0.0511239883555	0.0280389994215	0.300336659487	0.785264672833	1.33545156975	1.78369345733	1.99376791916	1.90183252641
NCU07165.7	1.97514935431	1.94437637024	1.62660381136	1.11840396831	0.574220708435	0.159433396504	9.74759906958e-05	0.144635739839	0.549122459311	1.0906325802	1.60459911486
NCU04013.7	1.41310442982	0.867743609743	0.362576010251	0.0511239883555	0.0280389994215	0.300336659487	0.785264672833	1.33545156975	1.78369345733	1.99376791916	1.90183252641
NCU05419.7	1.99891711134	1.8717844137	1.47971311325	0.94185517109	0.421667663832	0.0772375556446	0.0132384678874	0.249119967019	0.713196767289	1.26443416204	1.73530900806
NCU02829.7	1.15528513184	1.65518044061	1.95596391876	1.96622632199	1.68284886688	1.19195104105	0.64271856295	0.202065273989	0.00390738654851	0.108465837145	0.483964914516
NCU01870.7	1.99891711134	1.8717844137	1.47971311325	0.94185517109	0.421667663832	0.0772375556446	0.0132384678874	0.249119967019	0.713196767289	1.26443416204	1.73530900806
NCU00678.7	1.99891711134	1.8717844137	1.47971311325	0.94185517109	0.421667663832	0.0772375556446	0.0132384678874	0.249119967019	0.713196767289	1.26443416204	1.73530900806
NCU06003.7	0.00182985389577	0.12146063576	0.50808287562	1.04420060265	1.56688559823	1.91729190198	1.98892970396	1.76002800338	1.30015089862	0.749056792884	0.274225283308
NCU08828.7	0.307017488691	0.0302698783093	0.0482269443388	0.355431466038	0.858522819523	1.40460962686	1.82773402796	1.99930690622	1.86718661062	1.47152500209	0.932565149998
NCU10008.7	1.41310442982	0.867743609743	0.362576010251	0.0511239883555	0.0280389994215	0.300336659487	0.785264672833	1.33545156975	1.78369345733	1.99376791916	1.90183252641
NCU02536.7	0.830937189948	0.334335381462	0.0400315851913	0.0374658454408	0.32741790029	0.821770216223	1.37028724209	1.80627256515	1.99722858562	1.88512304179	1.50402523529
NCU02305.7	0.00182985389577	0.12146063576	0.50808287562	1.04420060265	1.56688559823	1.91729190198	1.98892970396	1.76002800338	1.30015089862	0.749056792884	0.274225283308
NCU07953.7	0.00182985389577	0.12146063576	0.50808287562	1.04420060265	1.56688559823	1.91729190198	1.98892970396	1.76002800338	1.30015089862	0.749056792884	0.274225283308
NCU08643.7	1.68284886688	1.96622632199	1.95596391876	1.65518044061	1.15528513184	0.608198080218	0.18018112388	0.00131024560874	0.125944986395	0.516208373945	1.05349787878
NCU08925.7	0.139850852105	0.540833546613	1.08135867467	1.5971585917	1.93147973893	1.98272064671	1.73530900806	1.26443416204	0.713196767289	0.249119967018	0.0132384678874
NCU06005.7	1.99891711134	1.8717844137	1.47971311325	0.94185517109	0.421667663832	0.0772375556446	0.0132384678874	0.249119967019	0.713196767289	1.26443416204	1.73530900806
NCU00775.7	1.99891711134	1.8717844137	1.47971311325	0.94185517109	0.421667663832	0.0772375556446	0.0132384678874	0.249119967019	0.713196767289	1.26443416204	1.73530900806
NCU01512.7	1.41310442982	0.867743609743	0.362576010251	0.0511239883555	0.0280389994215	0.300336659487	0.785264672833	1.33545156975	1.78369345733	1.99376791916	1.90183252641
NCU04460.7	1.99891711134	1.8717844137	1.47971311325	0.94185517109	0.421667663832	0.0772375556446	0.0132384678874	0.249119967019	0.713196767289	1.26443416204	1.73530900806
NCU00552.7	1.99891711134	1.8717844137	1.47971311325	0.94185517109	0.421667663832	0.0772375556446	0.0132384678874	0.249119967019	0.713196767289	1.26443416204	1.73530900806
NCU01333.7	1.97514935431	1.94437637024	1.62660381136	1.11840396831	0.574220708435	0.159433396504	9.74759906958e-05	0.144635739839	0.549122459311	1.0906325802	1.60459911486
NCU02226.7	1.41310442982	0.867743609743	0.362576010251	0.0511239883555	0.0280389994215	0.300336659487	0.785264672833	1.33545156975	1.78369345733	1.99376791916	1.90183252641
NCU04963.7	0.307017488691	0.0302698783093	0.0482269443388	0.355431466038	0.858522819523	1.40460962686	1.82773402796	1.99930690622	1.86718661062	1.47152500209	0.932565149998
NCU06870.7	1.15528513184	1.65518044061	1.95596391876	1.96622632199	1.68284886688	1.19195104105	0.64271856295	0.202065273989	0.00390738654851	0.108465837145	0.483964914516
NCU06342.7	0.139850852105	0.540833546613	1.08135867467	1.5971585917	1.93147973893	1.98272064671	1.73530900806	1.26443416204	0.713196767289	0.249119967018	0.0132384678874
NCU09810.7	1.99891711134	1.8717844137	1.47971311325	0.94185517109	0.421667663832	0.0772375556446	0.0132384678874	0.249119967019	0.713196767289	1.26443416204	1.73530900806
NCU00959.7	0.574220708435	1.11840396831	1.62660381136	1.94437637024	1.97514935431	1.70957073654	1.22835087011	0.677734304769	0.225055511296	0.00788529868552	0.0922225214671
NCU07697.7	0.830937189948	0.334335381462	0.0400315851913	0.0374658454408	0.32741790029	0.821770216223	1.37028724209	1.80627256515	1.99722858562	1.88512304179	1.50402523529
NCU01258.7	1.99891711134	1.8717844137	1.47971311325	0.94185517109	0.421667663832	0.0772375556446	0.0132384678874	0.249119967019	0.713196767289	1.26443416204	1.73530900806
NCU09896.7	0.830937189948	0.334335381462	0.0400315851913	0.0374658454408	0.32741790029	0.821770216223	1.37028724209	1.80627256515	1.99722858562	1.88512304179	1.50402523529
NCU00936.7	1.99891711134	1.8717844137	1.47971311325	0.94185517109	0.421667663832	0.0772375556446	0.0132384678874	0.249119967019	0.713196767289	1.26443416204	1.73530900806
NCU07281.7	1.99891711134	1.8717844137	1.47971311325	0.94185517109	0.421667663832	0.0772375556446	0.0132384678874	0.249119967019	0.713196767289	1.26443416204	1.73530900806
NCU00461.7	0.574220708435	1.11840396831	1.62660381136	1.94437637024	1.97514935431	1.70957073654	1.22835087011	0.677734304769	0.225055511296	0.00788529868552	0.0922225214671
NCU03031.7	0.139850852105	0.540833546613	1.08135867467	1.5971585917	1.93147973893	1.98272064671	1.73530900806	1.26443416204	0.713196767289	0.249119967018	0.0132384678874
NCU07456.7	1.15528513184	1.65518044061	1.95596391876	1.96622632199	1.68284886688	1.19195104105	0.64271856295	0.202065273989	0.00390738654851	0.108465837145	0.483964914516
NCU02954.7	1.15528513184	1.65518044061	1.95596391876	1.96622632199	1.68284886688	1.19195104105	0.64271856295	0.202065273989	0.00390738654851	0.108465837145	0.483964914516
NCU04997.7	0.574220708435	1.11840396831	1.62660381136	1.94437637024	1.97514935431	1.70957073654	1.22835087011	0.677734304769	0.225055511296	0.00788529868552	0.0922225214671
NCU05499.7	0.0218523992662	0.0603073792141	0.384338524674	0.895471536732	1.43837114679	1.84804809616	2.0	1.84804809616	1.43837114679	0.895471536732	0.384338524674
NCU02136.7	1.99891711134	1.8717844137	1.47971311325	0.94185517109	0.421667663832	0.0772375556446	0.0132384678874	0.249119967019	0.713196767289	1.26443416204	1.73530900806
NCU01428.7	1.41310442982	0.867743609743	0.362576010251	0.0511239883555	0.0280389994215	0.300336659487	0.785264672833	1.33545156975	1.78369345733	1.99376791916	1.90183252641
NCU03004.7	0.830937189948	0.334335381462	0.0400315851913	0.0374658454408	0.32741790029	0.821770216223	1.37028724209	1.80627256515	1.99722858562	1.88512304179	1.50402523529
NCU02373.7	1.41310442982	0.867743609743	0.362576010251	0.0511239883555	0.0280389994215	0.300336659487	0.785264672833	1.33545156975	1.78369345733	1.99376791916	1.90183252641
NCU02430.7	1.99891711134	1.8717844137	1.47971311325	0.94185517109	0.421667663832	0.0772375556446	0.0132384678874	0.249119967019	0.713196767289	1.26443416204	1.73530900806
NCU00261.7	0.574220708435	1.11840396831	1.62660381136	1.94437637024	1.97514935431	1.70957073654	1.22835087011	0.677734304769	0.225055511296	0.00788529868552	0.0922225214671
NCU08998.7	1.97514935431	1.94437637024	1.62660381136	1.11840396831	0.574220708435	0.159433396504	9.74759906958e-05	0.144635739839	0.549122459311	1.0906325802	1.60459911486
NCU07153.7	0.0218523992662	0.0603073792141	0.384338524674	0.895471536732	1.43837114679	1.84804809616	2.0	1.84804809616	1.43837114679	0.895471536732	0.384338524674
NCU02193.7	0.307017488691	0.0302698783093	0.0482269443388	0.355431466038	0.858522819523	1.40460962686	1.82773402796	1.99930690622	1.86718661062	1.47152500209	0.932565149998
NCU08762.7	1.41310442982	0.867743609743	0.362576010251	0.0511239883555	0.0280389994215	0.300336659487	0.785264672833	1.33545156975	1.78369345733	1.99376791916	1.90183252641
NCU09621.7	1.97514935431	1.94437637024	1.62660381136	1.11840396831	0.574220708435	0.159433396504	9.74759906958e-05	0.144635739839	0.549122459311	1.0906325802	1.60459911486
NCU07756.7	0.00182985389577	0.12146063576	0.50808287562	1.04420060265	1.56688559823	1.91729190198	1.98892970396	1.76002800338	1.30015089862	0.749056792884	0.274225283308
NCU05041.7	1.99891711134	1.8717844137	1.47971311325	0.94185517109	0.421667663832	0.0772375556446	0.0132384678874	0.249119967019	0.713196767289	1.26443416204	1.73530900806
NCU00649.7	0.0218523992662	0.0603073792141	0.384338524674	0.895471536732	1.43837114679	1.84804809616	2.0	1.84804809616	1.43837114679	0.895471536732	0.384338524674
NCU02797.7	1.99891711134	1.8717844137	1.47971311325	0.94185517109	0.421667663832	0.0772375556446	0.0132384678874	0.249119967019	0.713196767289	1.26443416204	1.73530900806
NCU04474.7	0.307017488691	0.0302698783093	0.0482269443388	0.355431466038	0.858522819523	1.40460962686	1.82773402796	1.99930690622	1.86718661062	1.47152500209	0.932565149998
NCU08409.7	1.99891711134	1.8717844137	1.47971311325	0.94185517109	0.421667663832	0.0772375556446	0.0132384678874	0.249119967019	0.713196767289	1.26443416204	1.73530900806
NCU03098.7	1.97514935431	1.94437637024	1.62660381136	1.11840396831	0.574220708435	0.159433396504	9.74759906958e-05	0.144635739839	0.549122459311	1.0906325802	1.60459911486
NCU07022.7	1.68284886688	1.96622632199	1.95596391876	1.65518044061	1.15528513184	0.608198080218	0.18018112388	0.00131024560874	0.125944986395	0.516208373945	1.05349787878
NCU05624.7	1.97514935431	1.94437637024	1.62660381136	1.11840396831	0.574220708435	0.159433396504	9.74759906958e-05	0.144635739839	0.549122459311	1.0906325802	1.60459911486
NCU02450.7	1.99891711134	1.8717844137	1.47971311325	0.94185517109	0.421667663832	0.0772375556446	0.0132384678874	0.249119967019	0.713196767289	1.26443416204	1.73530900806
NCU04642.7	1.97514935431	1.94437637024	1.62660381136	1.11840396831	0.574220708435	0.159433396504	9.74759906958e-05	0.144635739839	0.549122459311	1.0906325802	1.60459911486
NCU10042.7	0.307017488691	0.0302698783093	0.0482269443388	0.355431466038	0.858522819523	1.40460962686	1.82773402796	1.99930690622	1.86718661062	1.47152500209	0.932565149998
NCU00409.7	1.99891711134	1.8717844137	1.47971311325	0.94185517109	0.421667663832	0.0772375556446	0.0132384678874	0.249119967019	0.713196767289	1.26443416204	1.73530900806
NCU04648.7	1.97514935431	1.94437637024	1.62660381136	1.11840396831	0.574220708435	0.159433396504	9.74759906958e-05	0.144635739839	0.549122459311	1.0906325802	1.60459911486
NCU09116.7	1.99891711134	1.8717844137	1.47971311325	0.94185517109	0.421667663832	0.0772375556446	0.0132384678874	0.249119967019	0.713196767289	1.26443416204	1.73530900806
NCU00944.7	1.85294399739	1.44671838928	0.904733361701	0.391700228251	0.0635317116505	0.0199594736576	0.274225283308	0.749056792884	1.30015089862	1.76002800338	1.98892970396
NCU01119.7	1.15528513184	1.65518044061	1.95596391876	1.96622632199	1.68284886688	1.19195104105	0.64271856295	0.202065273989	0.00390738654851	0.108465837145	0.483964914516
NCU09111.7	0.830937189948	0.334335381462	0.0400315851913	0.0374658454408	0.32741790029	0.821770216223	1.37028724209	1.80627256515	1.99722858562	1.88512304179	1.50402523529
NCU04797.7	1.99891711134	1.8717844137	1.47971311325	0.94185517109	0.421667663832	0.0772375556446	0.0132384678874	0.249119967019	0.713196767289	1.26443416204	1.73530900806
NCU08352.7	0.830937189948	0.334335381462	0.0400315851913	0.0374658454408	0.32741790029	0.821770216223	1.37028724209	1.80627256515	1.99722858562	1.88512304179	1.50402523529
NCU04385.7	1.99891711134	1.8717844137	1.47971311325	0.94185517109	0.421667663832	0.0772375556446	0.0132384678874	0.249119967019	0.713196767289	1.26443416204	1.73530900806
NCU05816.7	1.68284886688	1.96622632199	1.95596391876	1.65518044061	1.15528513184	0.608198080218	0.18018112388	0.00131024560874	0.125944986395	0.516208373945	1.05349787878
NCU02542.7	0.307017488691	0.0302698783093	0.0482269443388	0.355431466038	0.858522819523	1.40460962686	1.82773402796	1.99930690622	1.86718661062	1.47152500209	0.932565149998
NCU05129.7	1.99891711134	1.8717844137	1.47971311325	0.94185517109	0.421667663832	0.0772375556446	0.0132384678874	0.249119967019	0.713196767289	1.26443416204	1.73530900806
NCU10110.7	1.68284886688	1.96622632199	1.95596391876	1.65518044061	1.15528513184	0.608198080218	0.18018112388	0.00131024560874	0.125944986395	0.516208373945	1.05349787878
NCU05956.7	1.99891711134	1.8717844137	1.47971311325	0.94185517109	0.421667663832	0.0772375556446	0.0132384678874	0.249119967019	0.713196767289	1.26443416204	1.73530900806
NCU01993.7	0.830937189948	0.334335381462	0.0400315851913	0.0374658454408	0.32741790029	0.821770216223	1.37028724209	1.80627256515	1.99722858562	1.88512304179	1.50402523529
NCU08927.7	0.0218523992662	0.0603073792141	0.384338524674	0.895471536732	1.43837114679	1.84804809616	2.0	1.84804809616	1.43837114679	0.895471536732	0.384338524674
NCU00173.7	1.99891711134	1.8717844137	1.47971311325	0.94185517109	0.421667663832	0.0772375556446	0.0132384678874	0.249119967019	0.713196767289	1.26443416204	1.73530900806
NCU05290.7	0.830937189948	0.334335381462	0.0400315851913	0.0374658454408	0.32741790029	0.821770216223	1.37028724209	1.80627256515	1.99722858562	1.88512304179	1.50402523529
NCU06722.7	1.99891711134	1.8717844137	1.47971311325	0.94185517109	0.421667663832	0.0772375556446	0.0132384678874	0.249119967019	0.713196767289	1.26443416204	1.73530900806
NCU11424.7	1.99891711134	1.8717844137	1.47971311325	0.94185517109	0.421667663832	0.0772375556446	0.0132384678874	0.249119967019	0.713196767289	1.26443416204	1.73530900806
NCU06448.7	1.97514935431	1.94437637024	1.62660381136	1.11840396831	0.574220708435	0.159433396504	9.74759906958e-05	0.144635739839	0.549122459311	1.0906325802	1.60459911486
NCU06783.7	1.41310442982	0.867743609743	0.362576010251	0.0511239883555	0.0280389994215	0.300336659487	0.785264672833	1.33545156975	1.78369345733	1.99376791916	1.90183252641
NCU01332.7	1.41310442982	0.867743609743	0.362576010251	0.0511239883555	0.0280389994215	0.300336659487	0.785264672833	1.33545156975	1.78369345733	1.99376791916	1.90183252641
NCU07307.7	0.830937189948	0.334335381462	0.0400315851913	0.0374658454408	0.32741790029	0.821770216223	1.37028724209	1.80627256515	1.99722858562	1.88512304179	1.50402523529
NCU06471.7	1.68284886688	1.96622632199	1.95596391876	1.65518044061	1.15528513184	0.608198080218	0.18018112388	0.00131024560874	0.125944986395	0.516208373945	1.05349787878
NCU06358.7	0.139850852105	0.540833546613	1.08135867467	1.5971585917	1.93147973893	1.98272064671	1.73530900806	1.26443416204	0.713196767289	0.249119967018	0.0132384678874
NCU05118.7	1.68284886688	1.96622632199	1.95596391876	1.65518044061	1.15528513184	0.608198080218	0.18018112388	0.00131024560874	0.125944986395	0.516208373945	1.05349787878
NCU01666.7	1.99891711134	1.8717844137	1.47971311325	0.94185517109	0.421667663832	0.0772375556446	0.0132384678874	0.249119967019	0.713196767289	1.26443416204	1.73530900806
NCU03100.7	1.99891711134	1.8717844137	1.47971311325	0.94185517109	0.421667663832	0.0772375556446	0.0132384678874	0.249119967019	0.713196767289	1.26443416204	1.73530900806
NCU09371.7	1.15528513184	1.65518044061	1.95596391876	1.96622632199	1.68284886688	1.19195104105	0.64271856295	0.202065273989	0.00390738654851	0.108465837145	0.483964914516
NCU08924.7	0.307017488691	0.0302698783093	0.0482269443388	0.355431466038	0.858522819523	1.40460962686	1.82773402796	1.99930690622	1.86718661062	1.47152500209	0.932565149998
NCU05454.7	1.99891711134	1.8717844137	1.47971311325	0.94185517109	0.421667663832	0.0772375556446	0.0132384678874	0.249119967019	0.713196767289	1.26443416204	1.73530900806
NCU05169.7	1.97514935431	1.94437637024	1.62660381136	1.11840396831	0.574220708435	0.159433396504	9.74759906958e-05	0.144635739839	0.549122459311	1.0906325802	1.60459911486
NCU02250.7	1.85294399739	1.44671838928	0.904733361701	0.391700228251	0.0635317116505	0.0199594736576	0.274225283308	0.749056792884	1.30015089862	1.76002800338	1.98892970396
NCU08398.7	1.41310442982	0.867743609743	0.362576010251	0.0511239883555	0.0280389994215	0.300336659487	0.785264672833	1.33545156975	1.78369345733	1.99376791916	1.90183252641
NCU05259.7	0.830937189948	0.334335381462	0.0400315851913	0.0374658454408	0.32741790029	0.821770216223	1.37028724209	1.80627256515	1.99722858562	1.88512304179	1.50402523529
NCU04216.7	0.0218523992662	0.0603073792141	0.384338524674	0.895471536732	1.43837114679	1.84804809616	2.0	1.84804809616	1.43837114679	0.895471536732	0.384338524674
NCU06512.7	0.0218523992662	0.0603073792141	0.384338524674	0.895471536732	1.43837114679	1.84804809616	2.0	1.84804809616	1.43837114679	0.895471536732	0.384338524674
NCU09646.7	1.99891711134	1.8717844137	1.47971311325	0.94185517109	0.421667663832	0.0772375556446	0.0132384678874	0.249119967019	0.713196767289	1.26443416204	1.73530900806
NCU09864.7	1.41310442982	0.867743609743	0.362576010251	0.0511239883555	0.0280389994215	0.300336659487	0.785264672833	1.33545156975	1.78369345733	1.99376791916	1.90183252641
NCU00150.7	0.307017488691	0.0302698783093	0.0482269443388	0.355431466038	0.858522819523	1.40460962686	1.82773402796	1.99930690622	1.86718661062	1.47152500209	0.932565149998
NCU07446.7	0.830937189948	0.334335381462	0.0400315851913	0.0374658454408	0.32741790029	0.821770216223	1.37028724209	1.80627256515	1.99722858562	1.88512304179	1.50402523529
NCU01816.7	1.41310442982	0.867743609743	0.362576010251	0.0511239883555	0.0280389994215	0.300336659487	0.785264672833	1.33545156975	1.78369345733	1.99376791916	1.90183252641
NCU00519.7	1.41310442982	0.867743609743	0.362576010251	0.0511239883555	0.0280389994215	0.300336659487	0.785264672833	1.33545156975	1.78369345733	1.99376791916	1.90183252641
NCU00580.7	1.97514935431	1.94437637024	1.62660381136	1.11840396831	0.574220708435	0.159433396504	9.74759906958e-05	0.144635739839	0.549122459311	1.0906325802	1.60459911486
NCU08272.7	0.830937189948	0.334335381462	0.0400315851913	0.0374658454408	0.32741790029	0.821770216223	1.37028724209	1.80627256515	1.99722858562	1.88512304179	1.50402523529
NCU04721.7	1.68284886688	1.96622632199	1.95596391876	1.65518044061	1.15528513184	0.608198080218	0.18018112388	0.00131024560874	0.125944986395	0.516208373945	1.05349787878
NCU08058.7	0.0218523992662	0.0603073792141	0.384338524674	0.895471536732	1.43837114679	1.84804809616	2.0	1.84804809616	1.43837114679	0.895471536732	0.384338524674
NCU02468.7	0.0218523992662	0.0603073792141	0.384338524674	0.895471536732	1.43837114679	1.84804809616	2.0	1.84804809616	1.43837114679	0.895471536732	0.384338524674
NCU00636.7	1.68284886688	1.96622632199	1.95596391876	1.65518044061	1.15528513184	0.608198080218	0.18018112388	0.00131024560874	0.125944986395	0.516208373945	1.05349787878
NCU03139.7	1.99891711134	1.8717844137	1.47971311325	0.94185517109	0.421667663832	0.0772375556446	0.0132384678874	0.249119967019	0.713196767289	1.26443416204	1.73530900806
NCU02407.7	0.830937189948	0.334335381462	0.0400315851913	0.0374658454408	0.32741790029	0.821770216223	1.37028724209	1.80627256515	1.99722858562	1.88512304179	1.50402523529
NCU09560.7	1.97514935431	1.94437637024	1.62660381136	1.11840396831	0.574220708435	0.159433396504	9.74759906958e-05	0.144635739839	0.549122459311	1.0906325802	1.60459911486
NCU08760.7	0.574220708435	1.11840396831	1.62660381136	1.94437637024	1.97514935431	1.70957073654	1.22835087011	0.677734304769	0.225055511296	0.00788529868552	0.0922225214671
NCU06803.7	1.68284886688	1.96622632199	1.95596391876	1.65518044061	1.15528513184	0.608198080218	0.18018112388	0.00131024560874	0.125944986395	0.516208373945	1.05349787878
NCU10007.7	1.99891711134	1.8717844137	1.47971311325	0.94185517109	0.421667663832	0.0772375556446	0.0132384678874	0.249119967019	0.713196767289	1.26443416204	1.73530900806
NCU06652.7	1.99891711134	1.8717844137	1.47971311325	0.94185517109	0.421667663832	0.0772375556446	0.0132384678874	0.249119967019	0.713196767289	1.26443416204	1.73530900806
NCU00963.7	0.574220708435	1.11840396831	1.62660381136	1.94437637024	1.97514935431	1.70957073654	1.22835087011	0.677734304769	0.225055511296	0.00788529868552	0.0922225214671
NCU08877.7	1.99891711134	1.8717844137	1.47971311325	0.94185517109	0.421667663832	0.0772375556446	0.0132384678874	0.249119967019	0.713196767289	1.26443416204	1.73530900806
NCU01227.7	0.830937189948	0.334335381462	0.0400315851913	0.0374658454408	0.32741790029	0.821770216223	1.37028724209	1.80627256515	1.99722858562	1.88512304179	1.50402523529
NCU00670.7	0.307017488691	0.0302698783093	0.0482269443388	0.355431466038	0.858522819523	1.40460962686	1.82773402796	1.99930690622	1.86718661062	1.47152500209	0.932565149998
NCU02333.7	1.41310442982	0.867743609743	0.362576010251	0.0511239883555	0.0280389994215	0.300336659487	0.785264672833	1.33545156975	1.78369345733	1.99376791916	1.90183252641
NCU10468.7	0.574220708435	1.11840396831	1.62660381136	1.94437637024	1.97514935431	1.70957073654	1.22835087011	0.677734304769	0.225055511296	0.00788529868552	0.0922225214671
NCU09090.7	1.68284886688	1.96622632199	1.95596391876	1.65518044061	1.15528513184	0.608198080218	0.18018112388	0.00131024560874	0.125944986395	0.516208373945	1.05349787878
NCU03504.7	0.830937189948	0.334335381462	0.0400315851913	0.0374658454408	0.32741790029	0.821770216223	1.37028724209	1.80627256515	1.99722858562	1.88512304179	1.50402523529
NCU04289.7	0.574220708435	1.11840396831	1.62660381136	1.94437637024	1.97514935431	1.70957073654	1.22835087011	0.677734304769	0.225055511296	0.00788529868552	0.0922225214671
NCU00447.7	1.85294399739	1.44671838928	0.904733361701	0.391700228251	0.0635317116505	0.0199594736576	0.274225283308	0.749056792884	1.30015089862	1.76002800338	1.98892970396
