$Gene	0h	2h	4h	6h	8h	10h	12h	14h	16h	18h	20h	22h
NCU04856.7	1.5	1.0	0.5	0.133974596216	0.0	0.133974596216	0.5	1.0	1.5	1.86602540378	2.0	1.86602540378
NCU03166.7	0.133974596216	0.5	1.0	1.5	1.86602540378	2.0	1.86602540378	1.5	1.0	0.5	0.133974596216	0.0
NCU05627.7	0.133974596216	0.5	1.0	1.5	1.86602540378	2.0	1.86602540378	1.5	1.0	0.5	0.133974596216	0.0
NCU04510.7	0.0	0.133974596216	0.5	1.0	1.5	1.86602540378	2.0	1.86602540378	1.5	1.0	0.5	0.133974596216
NCU06142.7	1.5	1.86602540378	2.0	1.86602540378	1.5	1.0	0.5	0.133974596216	0.0	0.133974596216	0.5	1.0
NCU07442.7	0.5	0.133974596216	0.0	0.133974596216	0.5	1.0	1.5	1.86602540378	2.0	1.86602540378	1.5	1.0
NCU03154.7	0.0	0.133974596216	0.5	1.0	1.5	1.86602540378	2.0	1.86602540378	1.5	1.0	0.5	0.133974596216
NCU06110.7	1.0	1.5	1.86602540378	2.0	1.86602540378	1.5	1.0	0.5	0.133974596216	0.0	0.133974596216	0.5
NCU10053.7	1.86602540378	1.5	1.0	0.5	0.133974596216	0.0	0.133974596216	0.5	1.0	1.5	1.86602540378	2.0
NCU08671.7	0.133974596216	0.5	1.0	1.5	1.86602540378	2.0	1.86602540378	1.5	1.0	0.5	0.133974596216	0.0
NCU01902.7	1.86602540378	1.5	1.0	0.5	0.133974596216	0.0	0.133974596216	0.5	1.0	1.5	1.86602540378	2.0
NCU03922.7	0.133974596216	0.5	1.0	1.5	1.86602540378	2.0	1.86602540378	1.5	1.0	0.5	0.133974596216	0.0
NCU04008.7	0.133974596216	0.5	1.0	1.5	1.86602540378	2.0	1.86602540378	1.5	1.0	0.5	0.133974596216	0.0
NCU05537.7	1.5	1.86602540378	2.0	1.86602540378	1.5	1.0	0.5	0.133974596216	0.0	0.133974596216	0.5	1.0
NCU03633.7	0.0	0.133974596216	0.5	1.0	1.5	1.86602540378	2.0	1.86602540378	1.5	1.0	0.5	0.133974596216
NCU10893.7	1.5	1.86602540378	2.0	1.86602540378	1.5	1.0	0.5	0.133974596216	0.0	0.133974596216	0.5	1.0
NCU01859.7	1.5	1.86602540378	2.0	1.86602540378	1.5	1.0	0.5	0.133974596216	0.0	0.133974596216	0.5	1.0
NCU09135.7	0.133974596216	0.5	1.0	1.5	1.86602540378	2.0	1.86602540378	1.5	1.0	0.5	0.133974596216	0.0
NCU02287.7	1.5	1.0	0.5	0.133974596216	0.0	0.133974596216	0.5	1.0	1.5	1.86602540378	2.0	1.86602540378
NCU02097.7	0.133974596216	0.5	1.0	1.5	1.86602540378	2.0	1.86602540378	1.5	1.0	0.5	0.133974596216	0.0
NCU03846.7	1.86602540378	2.0	1.86602540378	1.5	1.0	0.5	0.133974596216	0.0	0.133974596216	0.5	1.0	1.5
NCU06482.7	1.5	1.86602540378	2.0	1.86602540378	1.5	1.0	0.5	0.133974596216	0.0	0.133974596216	0.5	1.0
NCU07849.7	0.133974596216	0.5	1.0	1.5	1.86602540378	2.0	1.86602540378	1.5	1.0	0.5	0.133974596216	0.0
NCU10400.7	0.133974596216	0.5	1.0	1.5	1.86602540378	2.0	1.86602540378	1.5	1.0	0.5	0.133974596216	0.0
NCU02585.7	0.133974596216	0.0	0.133974596216	0.5	1.0	1.5	1.86602540378	2.0	1.86602540378	1.5	1.0	0.5
NCU04623.7	0.0	0.133974596216	0.5	1.0	1.5	1.86602540378	2.0	1.86602540378	1.5	1.0	0.5	0.133974596216
NCU07413.7	1.0	1.5	1.86602540378	2.0	1.86602540378	1.5	1.0	0.5	0.133974596216	0.0	0.133974596216	0.5
NCU00985.7	0.0	0.133974596216	0.5	1.0	1.5	1.86602540378	2.0	1.86602540378	1.5	1.0	0.5	0.133974596216
NCU03255.7	1.0	1.5	1.86602540378	2.0	1.86602540378	1.5	1.0	0.5	0.133974596216	0.0	0.133974596216	0.5
NCU03539.7	1.0	1.5	1.86602540378	2.0	1.86602540378	1.5	1.0	0.5	0.133974596216	0.0	0.133974596216	0.5
NCU05198.7	0.133974596216	0.5	1.0	1.5	1.86602540378	2.0	1.86602540378	1.5	1.0	0.5	0.133974596216	0.0
NCU02906.7	0.133974596216	0.5	1.0	1.5	1.86602540378	2.0	1.86602540378	1.5	1.0	0.5	0.133974596216	0.0
NCU02583.7	0.133974596216	0.5	1.0	1.5	1.86602540378	2.0	1.86602540378	1.5	1.0	0.5	0.133974596216	0.0
NCU00194.7	1.86602540378	2.0	1.86602540378	1.5	1.0	0.5	0.133974596216	0.0	0.133974596216	0.5	1.0	1.5
NCU00810.7	0.133974596216	0.0	0.133974596216	0.5	1.0	1.5	1.86602540378	2.0	1.86602540378	1.5	1.0	0.5
NCU09652.7	0.0	0.133974596216	0.5	1.0	1.5	1.86602540378	2.0	1.86602540378	1.5	1.0	0.5	0.133974596216
NCU00792.7	1.5	1.86602540378	2.0	1.86602540378	1.5	1.0	0.5	0.133974596216	0.0	0.133974596216	0.5	1.0
NCU02004.7	1.86602540378	2.0	1.86602540378	1.5	1.0	0.5	0.133974596216	0.0	0.133974596216	0.5	1.0	1.5
NCU01692.7	1.5	1.86602540378	2.0	1.86602540378	1.5	1.0	0.5	0.133974596216	0.0	0.133974596216	0.5	1.0
NCU01680.7	0.133974596216	0.5	1.0	1.5	1.86602540378	2.0	1.86602540378	1.5	1.0	0.5	0.133974596216	0.0
NCU07926.7	1.0	0.5	0.133974596216	0.0	0.133974596216	0.5	1.0	1.5	1.86602540378	2.0	1.86602540378	1.5
NCU05001.7	1.86602540378	2.0	1.86602540378	1.5	1.0	0.5	0.133974596216	0.0	0.133974596216	0.5	1.0	1.5
NCU05001.7	1.86602540378	2.0	1.86602540378	1.5	1.0	0.5	0.133974596216	0.0	0.133974596216	0.5	1.0	1.5
NCU11286.7	1.86602540378	1.5	1.0	0.5	0.133974596216	0.0	0.133974596216	0.5	1.0	1.5	1.86602540378	2.0
NCU01399.7	2.0	1.86602540378	1.5	1.0	0.5	0.133974596216	0.0	0.133974596216	0.5	1.0	1.5	1.86602540378
NCU01747.7	1.5	1.86602540378	2.0	1.86602540378	1.5	1.0	0.5	0.133974596216	0.0	0.133974596216	0.5	1.0
NCU02505.7	0.133974596216	0.5	1.0	1.5	1.86602540378	2.0	1.86602540378	1.5	1.0	0.5	0.133974596216	0.0
NCU04401.7	0.0	0.133974596216	0.5	1.0	1.5	1.86602540378	2.0	1.86602540378	1.5	1.0	0.5	0.133974596216
NCU05642.7	1.5	1.86602540378	2.0	1.86602540378	1.5	1.0	0.5	0.133974596216	0.0	0.133974596216	0.5	1.0
NCU03216.7	1.5	1.86602540378	2.0	1.86602540378	1.5	1.0	0.5	0.133974596216	0.0	0.133974596216	0.5	1.0
NCU02395.7	0.0	0.133974596216	0.5	1.0	1.5	1.86602540378	2.0	1.86602540378	1.5	1.0	0.5	0.133974596216
NCU02090.7	1.86602540378	1.5	1.0	0.5	0.133974596216	0.0	0.133974596216	0.5	1.0	1.5	1.86602540378	2.0
NCU01905.7	1.5	1.86602540378	2.0	1.86602540378	1.5	1.0	0.5	0.133974596216	0.0	0.133974596216	0.5	1.0
NCU09497.7	1.86602540378	1.5	1.0	0.5	0.133974596216	0.0	0.133974596216	0.5	1.0	1.5	1.86602540378	2.0
NCU05075.7	0.133974596216	0.0	0.133974596216	0.5	1.0	1.5	1.86602540378	2.0	1.86602540378	1.5	1.0	0.5
NCU02282.7	1.0	0.5	0.133974596216	0.0	0.133974596216	0.5	1.0	1.5	1.86602540378	2.0	1.86602540378	1.5
NCU07607.7	0.133974596216	0.5	1.0	1.5	1.86602540378	2.0	1.86602540378	1.5	1.0	0.5	0.133974596216	0.0
NCU02127.7	1.5	1.86602540378	2.0	1.86602540378	1.5	1.0	0.5	0.133974596216	0.0	0.133974596216	0.5	1.0
NCU08755.7	0.133974596216	0.0	0.133974596216	0.5	1.0	1.5	1.86602540378	2.0	1.86602540378	1.5	1.0	0.5
NCU00484.7	1.0	1.5	1.86602540378	2.0	1.86602540378	1.5	1.0	0.5	0.133974596216	0.0	0.133974596216	0.5
NCU01813.7	1.86602540378	1.5	1.0	0.5	0.133974596216	0.0	0.133974596216	0.5	1.0	1.5	1.86602540378	2.0
NCU07027.7	0.0	0.133974596216	0.5	1.0	1.5	1.86602540378	2.0	1.86602540378	1.5	1.0	0.5	0.133974596216
NCU03973.7	1.5	1.86602540378	2.0	1.86602540378	1.5	1.0	0.5	0.133974596216	0.0	0.133974596216	0.5	1.0
NCU07768.7	1.0	1.5	1.86602540378	2.0	1.86602540378	1.5	1.0	0.5	0.133974596216	0.0	0.133974596216	0.5
NCU05404.7	1.86602540378	1.5	1.0	0.5	0.133974596216	0.0	0.133974596216	0.5	1.0	1.5	1.86602540378	2.0
NCU03808.7	1.0	0.5	0.133974596216	0.0	0.133974596216	0.5	1.0	1.5	1.86602540378	2.0	1.86602540378	1.5
NCU01106.7	0.133974596216	0.0	0.133974596216	0.5	1.0	1.5	1.86602540378	2.0	1.86602540378	1.5	1.0	0.5
NCU04019.7	1.0	0.5	0.133974596216	0.0	0.133974596216	0.5	1.0	1.5	1.86602540378	2.0	1.86602540378	1.5
NCU03347.7	1.5	1.86602540378	2.0	1.86602540378	1.5	1.0	0.5	0.133974596216	0.0	0.133974596216	0.5	1.0
NCU08441.7	0.5	1.0	1.5	1.86602540378	2.0	1.86602540378	1.5	1.0	0.5	0.133974596216	0.0	0.133974596216
NCU04237.7	0.133974596216	0.5	1.0	1.5	1.86602540378	2.0	1.86602540378	1.5	1.0	0.5	0.133974596216	0.0
NCU04621.7	1.86602540378	1.5	1.0	0.5	0.133974596216	0.0	0.133974596216	0.5	1.0	1.5	1.86602540378	2.0
NCU05009.7	1.5	1.0	0.5	0.133974596216	0.0	0.133974596216	0.5	1.0	1.5	1.86602540378	2.0	1.86602540378
NCU08687.7	1.0	1.5	1.86602540378	2.0	1.86602540378	1.5	1.0	0.5	0.133974596216	0.0	0.133974596216	0.5
NCU08568.7	0.0	0.133974596216	0.5	1.0	1.5	1.86602540378	2.0	1.86602540378	1.5	1.0	0.5	0.133974596216
NCU05982.7	0.133974596216	0.5	1.0	1.5	1.86602540378	2.0	1.86602540378	1.5	1.0	0.5	0.133974596216	0.0
NCU00008.7	1.86602540378	1.5	1.0	0.5	0.133974596216	0.0	0.133974596216	0.5	1.0	1.5	1.86602540378	2.0
NCU03813.7	0.133974596216	0.5	1.0	1.5	1.86602540378	2.0	1.86602540378	1.5	1.0	0.5	0.133974596216	0.0
NCU06832.7	1.0	0.5	0.133974596216	0.0	0.133974596216	0.5	1.0	1.5	1.86602540378	2.0	1.86602540378	1.5
NCU00589.7	1.86602540378	2.0	1.86602540378	1.5	1.0	0.5	0.133974596216	0.0	0.133974596216	0.5	1.0	1.5
NCU01528.7	2.0	1.86602540378	1.5	1.0	0.5	0.133974596216	0.0	0.133974596216	0.5	1.0	1.5	1.86602540378
NCU05221.7	0.133974596216	0.0	0.133974596216	0.5	1.0	1.5	1.86602540378	2.0	1.86602540378	1.5	1.0	0.5
NCU02408.7	1.86602540378	2.0	1.86602540378	1.5	1.0	0.5	0.133974596216	0.0	0.133974596216	0.5	1.0	1.5
NCU02110.7	1.86602540378	2.0	1.86602540378	1.5	1.0	0.5	0.133974596216	0.0	0.133974596216	0.5	1.0	1.5
NCU02665.7	0.133974596216	0.0	0.133974596216	0.5	1.0	1.5	1.86602540378	2.0	1.86602540378	1.5	1.0	0.5
NCU07608.7	0.0	0.133974596216	0.5	1.0	1.5	1.86602540378	2.0	1.86602540378	1.5	1.0	0.5	0.133974596216
NCU07053.7	0.133974596216	0.0	0.133974596216	0.5	1.0	1.5	1.86602540378	2.0	1.86602540378	1.5	1.0	0.5
NCU07725.7	2.0	1.86602540378	1.5	1.0	0.5	0.133974596216	0.0	0.133974596216	0.5	1.0	1.5	1.86602540378
NCU02296.7	1.86602540378	1.5	1.0	0.5	0.133974596216	0.0	0.133974596216	0.5	1.0	1.5	1.86602540378	2.0
NCU09115.7	0.0	0.133974596216	0.5	1.0	1.5	1.86602540378	2.0	1.86602540378	1.5	1.0	0.5	0.133974596216
NCU09770.7	0.133974596216	0.5	1.0	1.5	1.86602540378	2.0	1.86602540378	1.5	1.0	0.5	0.133974596216	0.0
NCU08549.7	0.133974596216	0.5	1.0	1.5	1.86602540378	2.0	1.86602540378	1.5	1.0	0.5	0.133974596216	0.0
NCU06232.7	0.133974596216	0.5	1.0	1.5	1.86602540378	2.0	1.86602540378	1.5	1.0	0.5	0.133974596216	0.0
NCU09715.7	0.133974596216	0.5	1.0	1.5	1.86602540378	2.0	1.86602540378	1.5	1.0	0.5	0.133974596216	0.0
NCU00468.7	1.86602540378	1.5	1.0	0.5	0.133974596216	0.0	0.133974596216	0.5	1.0	1.5	1.86602540378	2.0
NCU06187.7	1.86602540378	2.0	1.86602540378	1.5	1.0	0.5	0.133974596216	0.0	0.133974596216	0.5	1.0	1.5
NCU08133.7	0.133974596216	0.5	1.0	1.5	1.86602540378	2.0	1.86602540378	1.5	1.0	0.5	0.133974596216	0.0
NCU02240.7	0.133974596216	0.0	0.133974596216	0.5	1.0	1.5	1.86602540378	2.0	1.86602540378	1.5	1.0	0.5
NCU01271.7	0.133974596216	0.5	1.0	1.5	1.86602540378	2.0	1.86602540378	1.5	1.0	0.5	0.133974596216	0.0
NCU01786.7	2.0	1.86602540378	1.5	1.0	0.5	0.133974596216	0.0	0.133974596216	0.5	1.0	1.5	1.86602540378
NCU00378.7	1.86602540378	2.0	1.86602540378	1.5	1.0	0.5	0.133974596216	0.0	0.133974596216	0.5	1.0	1.5
NCU07807.7	2.0	1.86602540378	1.5	1.0	0.5	0.133974596216	0.0	0.133974596216	0.5	1.0	1.5	1.86602540378
NCU01427.7	1.5	1.86602540378	2.0	1.86602540378	1.5	1.0	0.5	0.133974596216	0.0	0.133974596216	0.5	1.0
NCU00567.7	0.5	1.0	1.5	1.86602540378	2.0	1.86602540378	1.5	1.0	0.5	0.133974596216	0.0	0.133974596216
NCU03290.7	1.86602540378	2.0	1.86602540378	1.5	1.0	0.5	0.133974596216	0.0	0.133974596216	0.5	1.0	1.5
NCU03282.7	0.0	0.133974596216	0.5	1.0	1.5	1.86602540378	2.0	1.86602540378	1.5	1.0	0.5	0.133974596216
NCU03929.7	0.133974596216	0.5	1.0	1.5	1.86602540378	2.0	1.86602540378	1.5	1.0	0.5	0.133974596216	0.0
NCU06191.7	1.5	1.0	0.5	0.133974596216	0.0	0.133974596216	0.5	1.0	1.5	1.86602540378	2.0	1.86602540378
NCU06845.7	1.86602540378	1.5	1.0	0.5	0.133974596216	0.0	0.133974596216	0.5	1.0	1.5	1.86602540378	2.0
NCU00585.7	1.86602540378	2.0	1.86602540378	1.5	1.0	0.5	0.133974596216	0.0	0.133974596216	0.5	1.0	1.5
NCU08471.7	2.0	1.86602540378	1.5	1.0	0.5	0.133974596216	0.0	0.133974596216	0.5	1.0	1.5	1.86602540378
NCU02209.7	1.5	1.86602540378	2.0	1.86602540378	1.5	1.0	0.5	0.133974596216	0.0	0.133974596216	0.5	1.0
NCU07682.7	0.133974596216	0.0	0.133974596216	0.5	1.0	1.5	1.86602540378	2.0	1.86602540378	1.5	1.0	0.5
NCU00233.7	0.133974596216	0.5	1.0	1.5	1.86602540378	2.0	1.86602540378	1.5	1.0	0.5	0.133974596216	0.0
NCU01449.7	1.5	1.86602540378	2.0	1.86602540378	1.5	1.0	0.5	0.133974596216	0.0	0.133974596216	0.5	1.0
NCU03777.7	1.5	1.86602540378	2.0	1.86602540378	1.5	1.0	0.5	0.133974596216	0.0	0.133974596216	0.5	1.0
NCU00087.7	0.133974596216	0.0	0.133974596216	0.5	1.0	1.5	1.86602540378	2.0	1.86602540378	1.5	1.0	0.5
NCU05853.7	0.0	0.133974596216	0.5	1.0	1.5	1.86602540378	2.0	1.86602540378	1.5	1.0	0.5	0.133974596216
NCU00837.7	0.133974596216	0.0	0.133974596216	0.5	1.0	1.5	1.86602540378	2.0	1.86602540378	1.5	1.0	0.5
NCU09758.7	1.86602540378	1.5	1.0	0.5	0.133974596216	0.0	0.133974596216	0.5	1.0	1.5	1.86602540378	2.0
NCU00709.7	0.0	0.133974596216	0.5	1.0	1.5	1.86602540378	2.0	1.86602540378	1.5	1.0	0.5	0.133974596216
NCU03850.7	0.5	0.133974596216	0.0	0.133974596216	0.5	1.0	1.5	1.86602540378	2.0	1.86602540378	1.5	1.0
NCU05689.7	0.133974596216	0.0	0.133974596216	0.5	1.0	1.5	1.86602540378	2.0	1.86602540378	1.5	1.0	0.5
NCU04569.7	0.133974596216	0.5	1.0	1.5	1.86602540378	2.0	1.86602540378	1.5	1.0	0.5	0.133974596216	0.0
NCU04195.7	1.86602540378	1.5	1.0	0.5	0.133974596216	0.0	0.133974596216	0.5	1.0	1.5	1.86602540378	2.0
NCU01514.7	1.0	0.5	0.133974596216	0.0	0.133974596216	0.5	1.0	1.5	1.86602540378	2.0	1.86602540378	1.5
NCU02802.7	0.0	0.133974596216	0.5	1.0	1.5	1.86602540378	2.0	1.86602540378	1.5	1.0	0.5	0.133974596216
NCU06861.7	0.5	0.133974596216	0.0	0.133974596216	0.5	1.0	1.5	1.86602540378	2.0	1.86602540378	1.5	1.0
NCU05542.7	1.86602540378	1.5	1.0	0.5	0.133974596216	0.0	0.133974596216	0.5	1.0	1.5	1.86602540378	2.0
NCU08516.7	0.5	1.0	1.5	1.86602540378	2.0	1.86602540378	1.5	1.0	0.5	0.133974596216	0.0	0.133974596216
NCU03030.7	1.5	1.86602540378	2.0	1.86602540378	1.5	1.0	0.5	0.133974596216	0.0	0.133974596216	0.5	1.0
NCU03358.7	1.0	1.5	1.86602540378	2.0	1.86602540378	1.5	1.0	0.5	0.133974596216	0.0	0.133974596216	0.5
NCU02397.7	0.133974596216	0.5	1.0	1.5	1.86602540378	2.0	1.86602540378	1.5	1.0	0.5	0.133974596216	0.0
NCU03497.7	1.5	1.0	0.5	0.133974596216	0.0	0.133974596216	0.5	1.0	1.5	1.86602540378	2.0	1.86602540378
NCU06836.7	1.0	0.5	0.133974596216	0.0	0.133974596216	0.5	1.0	1.5	1.86602540378	2.0	1.86602540378	1.5
NCU03093.7	1.5	1.86602540378	2.0	1.86602540378	1.5	1.0	0.5	0.133974596216	0.0	0.133974596216	0.5	1.0
NCU04156.7	1.5	1.0	0.5	0.133974596216	0.0	0.133974596216	0.5	1.0	1.5	1.86602540378	2.0	1.86602540378
NCU01612.7	1.86602540378	2.0	1.86602540378	1.5	1.0	0.5	0.133974596216	0.0	0.133974596216	0.5	1.0	1.5
NCU02126.7	0.0	0.133974596216	0.5	1.0	1.5	1.86602540378	2.0	1.86602540378	1.5	1.0	0.5	0.133974596216
NCU08336.7	1.86602540378	1.5	1.0	0.5	0.133974596216	0.0	0.133974596216	0.5	1.0	1.5	1.86602540378	2.0
NCU02188.7	1.0	1.5	1.86602540378	2.0	1.86602540378	1.5	1.0	0.5	0.133974596216	0.0	0.133974596216	0.5
NCU05028.7	0.5	1.0	1.5	1.86602540378	2.0	1.86602540378	1.5	1.0	0.5	0.133974596216	0.0	0.133974596216
NCU02123.7	0.133974596216	0.0	0.133974596216	0.5	1.0	1.5	1.86602540378	2.0	1.86602540378	1.5	1.0	0.5
NCU01162.7	0.0	0.133974596216	0.5	1.0	1.5	1.86602540378	2.0	1.86602540378	1.5	1.0	0.5	0.133974596216
NCU00418.7	1.0	1.5	1.86602540378	2.0	1.86602540378	1.5	1.0	0.5	0.133974596216	0.0	0.133974596216	0.5
NCU04592.7	0.5	0.133974596216	0.0	0.133974596216	0.5	1.0	1.5	1.86602540378	2.0	1.86602540378	1.5	1.0
NCU03759.7	1.0	1.5	1.86602540378	2.0	1.86602540378	1.5	1.0	0.5	0.133974596216	0.0	0.133974596216	0.5
NCU07719.7	0.0	0.133974596216	0.5	1.0	1.5	1.86602540378	2.0	1.86602540378	1.5	1.0	0.5	0.133974596216
NCU09897.7	0.133974596216	0.5	1.0	1.5	1.86602540378	2.0	1.86602540378	1.5	1.0	0.5	0.133974596216	0.0
NCU06970.7	1.5	1.0	0.5	0.133974596216	0.0	0.133974596216	0.5	1.0	1.5	1.86602540378	2.0	1.86602540378
NCU16699.7	0.133974596216	0.5	1.0	1.5	1.86602540378	2.0	1.86602540378	1.5	1.0	0.5	0.133974596216	0.0
NCU04835.7	0.5	0.133974596216	0.0	0.133974596216	0.5	1.0	1.5	1.86602540378	2.0	1.86602540378	1.5	1.0
NCU07773.7	0.133974596216	0.5	1.0	1.5	1.86602540378	2.0	1.86602540378	1.5	1.0	0.5	0.133974596216	0.0
NCU03741.7	0.133974596216	0.5	1.0	1.5	1.86602540378	2.0	1.86602540378	1.5	1.0	0.5	0.133974596216	0.0
NCU05776.7	1.0	0.5	0.133974596216	0.0	0.133974596216	0.5	1.0	1.5	1.86602540378	2.0	1.86602540378	1.5
NCU06194.7	0.0	0.133974596216	0.5	1.0	1.5	1.86602540378	2.0	1.86602540378	1.5	1.0	0.5	0.133974596216
NCU08005.7	2.0	1.86602540378	1.5	1.0	0.5	0.133974596216	0.0	0.133974596216	0.5	1.0	1.5	1.86602540378
NCU05268.7	0.0	0.133974596216	0.5	1.0	1.5	1.86602540378	2.0	1.86602540378	1.5	1.0	0.5	0.133974596216
NCU06619.7	1.5	1.0	0.5	0.133974596216	0.0	0.133974596216	0.5	1.0	1.5	1.86602540378	2.0	1.86602540378
NCU06300.7	1.0	1.5	1.86602540378	2.0	1.86602540378	1.5	1.0	0.5	0.133974596216	0.0	0.133974596216	0.5
NCU07465.7	0.133974596216	0.5	1.0	1.5	1.86602540378	2.0	1.86602540378	1.5	1.0	0.5	0.133974596216	0.0
NCU02322.7	0.133974596216	0.5	1.0	1.5	1.86602540378	2.0	1.86602540378	1.5	1.0	0.5	0.133974596216	0.0
NCU00892.7	0.133974596216	0.5	1.0	1.5	1.86602540378	2.0	1.86602540378	1.5	1.0	0.5	0.133974596216	0.0
NCU02702.7	1.5	1.0	0.5	0.133974596216	0.0	0.133974596216	0.5	1.0	1.5	1.86602540378	2.0	1.86602540378
NCU05807.7	1.0	0.5	0.133974596216	0.0	0.133974596216	0.5	1.0	1.5	1.86602540378	2.0	1.86602540378	1.5
NCU00712.7	1.86602540378	2.0	1.86602540378	1.5	1.0	0.5	0.133974596216	0.0	0.133974596216	0.5	1.0	1.5
NCU01083.7	2.0	1.86602540378	1.5	1.0	0.5	0.133974596216	0.0	0.133974596216	0.5	1.0	1.5	1.86602540378
NCU07001.7	2.0	1.86602540378	1.5	1.0	0.5	0.133974596216	0.0	0.133974596216	0.5	1.0	1.5	1.86602540378
NCU08280.7	0.5	0.133974596216	0.0	0.133974596216	0.5	1.0	1.5	1.86602540378	2.0	1.86602540378	1.5	1.0
NCU17060.7	1.5	1.86602540378	2.0	1.86602540378	1.5	1.0	0.5	0.133974596216	0.0	0.133974596216	0.5	1.0
NCU00536.7	2.0	1.86602540378	1.5	1.0	0.5	0.133974596216	0.0	0.133974596216	0.5	1.0	1.5	1.86602540378
NCU03339.7	1.5	1.86602540378	2.0	1.86602540378	1.5	1.0	0.5	0.133974596216	0.0	0.133974596216	0.5	1.0
NCU01270.7	1.0	1.5	1.86602540378	2.0	1.86602540378	1.5	1.0	0.5	0.133974596216	0.0	0.133974596216	0.5
NCU04725.7	1.0	1.5	1.86602540378	2.0	1.86602540378	1.5	1.0	0.5	0.133974596216	0.0	0.133974596216	0.5
NCU04466.7	0.133974596216	0.5	1.0	1.5	1.86602540378	2.0	1.86602540378	1.5	1.0	0.5	0.133974596216	0.0
NCU08439.7	0.5	1.0	1.5	1.86602540378	2.0	1.86602540378	1.5	1.0	0.5	0.133974596216	0.0	0.133974596216
NCU02252.7	0.133974596216	0.5	1.0	1.5	1.86602540378	2.0	1.86602540378	1.5	1.0	0.5	0.133974596216	0.0
NCU08703.7	0.133974596216	0.5	1.0	1.5	1.86602540378	2.0	1.86602540378	1.5	1.0	0.5	0.133974596216	0.0
NCU05775.7	1.5	1.86602540378	2.0	1.86602540378	1.5	1.0	0.5	0.133974596216	0.0	0.133974596216	0.5	1.0
NCU01480.7	0.0	0.133974596216	0.5	1.0	1.5	1.86602540378	2.0	1.86602540378	1.5	1.0	0.5	0.133974596216
NCU08791.7	0.133974596216	0.5	1.0	1.5	1.86602540378	2.0	1.86602540378	1.5	1.0	0.5	0.133974596216	0.0
NCU07974.7	1.86602540378	1.5	1.0	0.5	0.133974596216	0.0	0.133974596216	0.5	1.0	1.5	1.86602540378	2.0
NCU05882.7	0.133974596216	0.0	0.133974596216	0.5	1.0	1.5	1.86602540378	2.0	1.86602540378	1.5	1.0	0.5
NCU07550.7	0.133974596216	0.5	1.0	1.5	1.86602540378	2.0	1.86602540378	1.5	1.0	0.5	0.133974596216	0.0
NCU00920.7	2.0	1.86602540378	1.5	1.0	0.5	0.133974596216	0.0	0.133974596216	0.5	1.0	1.5	1.86602540378
NCU08035.7	0.133974596216	0.5	1.0	1.5	1.86602540378	2.0	1.86602540378	1.5	1.0	0.5	0.133974596216	0.0
NCU00187.7	0.133974596216	0.5	1.0	1.5	1.86602540378	2.0	1.86602540378	1.5	1.0	0.5	0.133974596216	0.0
NCU16641.7	0.0	0.133974596216	0.5	1.0	1.5	1.86602540378	2.0	1.86602540378	1.5	1.0	0.5	0.133974596216
NCU00369.7	0.5	0.133974596216	0.0	0.133974596216	0.5	1.0	1.5	1.86602540378	2.0	1.86602540378	1.5	1.0
NCU06931.7	0.0	0.133974596216	0.5	1.0	1.5	1.86602540378	2.0	1.86602540378	1.5	1.0	0.5	0.133974596216
NCU07130.7	1.5	1.0	0.5	0.133974596216	0.0	0.133974596216	0.5	1.0	1.5	1.86602540378	2.0	1.86602540378
NCU07334.7	1.5	1.86602540378	2.0	1.86602540378	1.5	1.0	0.5	0.133974596216	0.0	0.133974596216	0.5	1.0
NCU04323.7	0.0	0.133974596216	0.5	1.0	1.5	1.86602540378	2.0	1.86602540378	1.5	1.0	0.5	0.133974596216
NCU03254.7	1.86602540378	1.5	1.0	0.5	0.133974596216	0.0	0.133974596216	0.5	1.0	1.5	1.86602540378	2.0
NCU00130.7	0.133974596216	0.0	0.133974596216	0.5	1.0	1.5	1.86602540378	2.0	1.86602540378	1.5	1.0	0.5
NCU06261.7	1.5	1.86602540378	2.0	1.86602540378	1.5	1.0	0.5	0.133974596216	0.0	0.133974596216	0.5	1.0
NCU04468.7	1.86602540378	2.0	1.86602540378	1.5	1.0	0.5	0.133974596216	0.0	0.133974596216	0.5	1.0	1.5
NCU01443.7	1.5	1.86602540378	2.0	1.86602540378	1.5	1.0	0.5	0.133974596216	0.0	0.133974596216	0.5	1.0
NCU01207.7	0.133974596216	0.5	1.0	1.5	1.86602540378	2.0	1.86602540378	1.5	1.0	0.5	0.133974596216	0.0
NCU10292.7	1.86602540378	2.0	1.86602540378	1.5	1.0	0.5	0.133974596216	0.0	0.133974596216	0.5	1.0	1.5
NCU07887.7	0.5	0.133974596216	0.0	0.133974596216	0.5	1.0	1.5	1.86602540378	2.0	1.86602540378	1.5	1.0
NCU00466.7	1.86602540378	2.0	1.86602540378	1.5	1.0	0.5	0.133974596216	0.0	0.133974596216	0.5	1.0	1.5
NCU02746.7	1.86602540378	2.0	1.86602540378	1.5	1.0	0.5	0.133974596216	0.0	0.133974596216	0.5	1.0	1.5
NCU00720.7	0.133974596216	0.0	0.133974596216	0.5	1.0	1.5	1.86602540378	2.0	1.86602540378	1.5	1.0	0.5
NCU04581.7	0.5	0.133974596216	0.0	0.133974596216	0.5	1.0	1.5	1.86602540378	2.0	1.86602540378	1.5	1.0
NCU06023.7	1.5	1.86602540378	2.0	1.86602540378	1.5	1.0	0.5	0.133974596216	0.0	0.133974596216	0.5	1.0
NCU02472.7	0.5	1.0	1.5	1.86602540378	2.0	1.86602540378	1.5	1.0	0.5	0.133974596216	0.0	0.133974596216
NCU09747.7	0.5	1.0	1.5	1.86602540378	2.0	1.86602540378	1.5	1.0	0.5	0.133974596216	0.0	0.133974596216
NCU07308.7	1.86602540378	1.5	1.0	0.5	0.133974596216	0.0	0.133974596216	0.5	1.0	1.5	1.86602540378	2.0
NCU10058.7	0.133974596216	0.5	1.0	1.5	1.86602540378	2.0	1.86602540378	1.5	1.0	0.5	0.133974596216	0.0
NCU00463.7	1.5	1.86602540378	2.0	1.86602540378	1.5	1.0	0.5	0.133974596216	0.0	0.133974596216	0.5	1.0
NCU02726.7	1.5	1.0	0.5	0.133974596216	0.0	0.133974596216	0.5	1.0	1.5	1.86602540378	2.0	1.86602540378
NCU03779.7	0.133974596216	0.5	1.0	1.5	1.86602540378	2.0	1.86602540378	1.5	1.0	0.5	0.133974596216	0.0
NCU05851.7	0.5	0.133974596216	0.0	0.133974596216	0.5	1.0	1.5	1.86602540378	2.0	1.86602540378	1.5	1.0
NCU02299.7	1.0	0.5	0.133974596216	0.0	0.133974596216	0.5	1.0	1.5	1.86602540378	2.0	1.86602540378	1.5
NCU03463.7	1.5	1.86602540378	2.0	1.86602540378	1.5	1.0	0.5	0.133974596216	0.0	0.133974596216	0.5	1.0
NCU02639.7	0.133974596216	0.5	1.0	1.5	1.86602540378	2.0	1.86602540378	1.5	1.0	0.5	0.133974596216	0.0
NCU02109.7	0.133974596216	0.5	1.0	1.5	1.86602540378	2.0	1.86602540378	1.5	1.0	0.5	0.133974596216	0.0
NCU05558.7	1.0	1.5	1.86602540378	2.0	1.86602540378	1.5	1.0	0.5	0.133974596216	0.0	0.133974596216	0.5
NCU08291.7	1.86602540378	1.5	1.0	0.5	0.133974596216	0.0	0.133974596216	0.5	1.0	1.5	1.86602540378	2.0
NCU07140.7	1.5	1.0	0.5	0.133974596216	0.0	0.133974596216	0.5	1.0	1.5	1.86602540378	2.0	1.86602540378
NCU06924.7	1.86602540378	1.5	1.0	0.5	0.133974596216	0.0	0.133974596216	0.5	1.0	1.5	1.86602540378	2.0
NCU06918.7	1.5	1.86602540378	2.0	1.86602540378	1.5	1.0	0.5	0.133974596216	0.0	0.133974596216	0.5	1.0
NCU09041.7	0.133974596216	0.5	1.0	1.5	1.86602540378	2.0	1.86602540378	1.5	1.0	0.5	0.133974596216	0.0
NCU03648.7	0.133974596216	0.5	1.0	1.5	1.86602540378	2.0	1.86602540378	1.5	1.0	0.5	0.133974596216	0.0
NCU10359.7	1.5	1.86602540378	2.0	1.86602540378	1.5	1.0	0.5	0.133974596216	0.0	0.133974596216	0.5	1.0
NCU08976.7	1.0	1.5	1.86602540378	2.0	1.86602540378	1.5	1.0	0.5	0.133974596216	0.0	0.133974596216	0.5
NCU04594.7	0.133974596216	0.5	1.0	1.5	1.86602540378	2.0	1.86602540378	1.5	1.0	0.5	0.133974596216	0.0
NCU01900.7	1.0	1.5	1.86602540378	2.0	1.86602540378	1.5	1.0	0.5	0.133974596216	0.0	0.133974596216	0.5
NCU01904.7	1.5	1.86602540378	2.0	1.86602540378	1.5	1.0	0.5	0.133974596216	0.0	0.133974596216	0.5	1.0
NCU11196.7	1.86602540378	2.0	1.86602540378	1.5	1.0	0.5	0.133974596216	0.0	0.133974596216	0.5	1.0	1.5
NCU01175.7	1.86602540378	2.0	1.86602540378	1.5	1.0	0.5	0.133974596216	0.0	0.133974596216	0.5	1.0	1.5
NCU09058.7	0.5	0.133974596216	0.0	0.133974596216	0.5	1.0	1.5	1.86602540378	2.0	1.86602540378	1.5	1.0
NCU01753.7	0.5	1.0	1.5	1.86602540378	2.0	1.86602540378	1.5	1.0	0.5	0.133974596216	0.0	0.133974596216
NCU02712.7	0.133974596216	0.5	1.0	1.5	1.86602540378	2.0	1.86602540378	1.5	1.0	0.5	0.133974596216	0.0
NCU00643.7	0.133974596216	0.0	0.133974596216	0.5	1.0	1.5	1.86602540378	2.0	1.86602540378	1.5	1.0	0.5
NCU02482.7	1.0	1.5	1.86602540378	2.0	1.86602540378	1.5	1.0	0.5	0.133974596216	0.0	0.133974596216	0.5
NCU10048.7	0.133974596216	0.0	0.133974596216	0.5	1.0	1.5	1.86602540378	2.0	1.86602540378	1.5	1.0	0.5
NCU06785.7	1.5	1.86602540378	2.0	1.86602540378	1.5	1.0	0.5	0.133974596216	0.0	0.133974596216	0.5	1.0
NCU02564.7	0.133974596216	0.5	1.0	1.5	1.86602540378	2.0	1.86602540378	1.5	1.0	0.5	0.133974596216	0.0
NCU06029.7	0.5	0.133974596216	0.0	0.133974596216	0.5	1.0	1.5	1.86602540378	2.0	1.86602540378	1.5	1.0
NCU09821.7	0.133974596216	0.5	1.0	1.5	1.86602540378	2.0	1.86602540378	1.5	1.0	0.5	0.133974596216	0.0
NCU07340.7	0.5	0.133974596216	0.0	0.133974596216	0.5	1.0	1.5	1.86602540378	2.0	1.86602540378	1.5	1.0
NCU05991.7	2.0	1.86602540378	1.5	1.0	0.5	0.133974596216	0.0	0.133974596216	0.5	1.0	1.5	1.86602540378
NCU04452.7	0.133974596216	0.5	1.0	1.5	1.86602540378	2.0	1.86602540378	1.5	1.0	0.5	0.133974596216	0.0
NCU05597.7	0.0	0.133974596216	0.5	1.0	1.5	1.86602540378	2.0	1.86602540378	1.5	1.0	0.5	0.133974596216
NCU03748.7	1.5	1.86602540378	2.0	1.86602540378	1.5	1.0	0.5	0.133974596216	0.0	0.133974596216	0.5	1.0
NCU07188.7	1.5	1.0	0.5	0.133974596216	0.0	0.133974596216	0.5	1.0	1.5	1.86602540378	2.0	1.86602540378
NCU01065.7	1.5	1.86602540378	2.0	1.86602540378	1.5	1.0	0.5	0.133974596216	0.0	0.133974596216	0.5	1.0
NCU03509.7	0.133974596216	0.0	0.133974596216	0.5	1.0	1.5	1.86602540378	2.0	1.86602540378	1.5	1.0	0.5
NCU00988.7	0.5	0.133974596216	0.0	0.133974596216	0.5	1.0	1.5	1.86602540378	2.0	1.86602540378	1.5	1.0
NCU07169.7	1.86602540378	2.0	1.86602540378	1.5	1.0	0.5	0.133974596216	0.0	0.133974596216	0.5	1.0	1.5
NCU01606.7	1.0	1.5	1.86602540378	2.0	1.86602540378	1.5	1.0	0.5	0.133974596216	0.0	0.133974596216	0.5
NCU04411.7	0.133974596216	0.5	1.0	1.5	1.86602540378	2.0	1.86602540378	1.5	1.0	0.5	0.133974596216	0.0
NCU04952.7	0.133974596216	0.0	0.133974596216	0.5	1.0	1.5	1.86602540378	2.0	1.86602540378	1.5	1.0	0.5
NCU01142.7	1.0	1.5	1.86602540378	2.0	1.86602540378	1.5	1.0	0.5	0.133974596216	0.0	0.133974596216	0.5
NCU02227.7	0.0	0.133974596216	0.5	1.0	1.5	1.86602540378	2.0	1.86602540378	1.5	1.0	0.5	0.133974596216
NCU05843.7	0.133974596216	0.0	0.133974596216	0.5	1.0	1.5	1.86602540378	2.0	1.86602540378	1.5	1.0	0.5
NCU06727.7	1.5	1.86602540378	2.0	1.86602540378	1.5	1.0	0.5	0.133974596216	0.0	0.133974596216	0.5	1.0
NCU08982.7	0.133974596216	0.5	1.0	1.5	1.86602540378	2.0	1.86602540378	1.5	1.0	0.5	0.133974596216	0.0
NCU07930.7	1.5	1.86602540378	2.0	1.86602540378	1.5	1.0	0.5	0.133974596216	0.0	0.133974596216	0.5	1.0
NCU07362.7	2.0	1.86602540378	1.5	1.0	0.5	0.133974596216	0.0	0.133974596216	0.5	1.0	1.5	1.86602540378
NCU03756.7	0.5	1.0	1.5	1.86602540378	2.0	1.86602540378	1.5	1.0	0.5	0.133974596216	0.0	0.133974596216
NCU03488.7	1.5	1.0	0.5	0.133974596216	0.0	0.133974596216	0.5	1.0	1.5	1.86602540378	2.0	1.86602540378
NCU05752.7	0.0	0.133974596216	0.5	1.0	1.5	1.86602540378	2.0	1.86602540378	1.5	1.0	0.5	0.133974596216
NCU02291.7	0.5	1.0	1.5	1.86602540378	2.0	1.86602540378	1.5	1.0	0.5	0.133974596216	0.0	0.133974596216
NCU07941.7	1.5	1.0	0.5	0.133974596216	0.0	0.133974596216	0.5	1.0	1.5	1.86602540378	2.0	1.86602540378
NCU02916.7	0.0	0.133974596216	0.5	1.0	1.5	1.86602540378	2.0	1.86602540378	1.5	1.0	0.5	0.133974596216
NCU09792.7	0.5	0.133974596216	0.0	0.133974596216	0.5	1.0	1.5	1.86602540378	2.0	1.86602540378	1.5	1.0
NCU06075.7	1.86602540378	1.5	1.0	0.5	0.133974596216	0.0	0.133974596216	0.5	1.0	1.5	1.86602540378	2.0
NCU06846.7	2.0	1.86602540378	1.5	1.0	0.5	0.133974596216	0.0	0.133974596216	0.5	1.0	1.5	1.86602540378
NCU07170.7	1.5	1.86602540378	2.0	1.86602540378	1.5	1.0	0.5	0.133974596216	0.0	0.133974596216	0.5	1.0
NCU00106.7	0.133974596216	0.5	1.0	1.5	1.86602540378	2.0	1.86602540378	1.5	1.0	0.5	0.133974596216	0.0
NCU07755.7	1.0	0.5	0.133974596216	0.0	0.133974596216	0.5	1.0	1.5	1.86602540378	2.0	1.86602540378	1.5
NCU00680.7	1.86602540378	2.0	1.86602540378	1.5	1.0	0.5	0.133974596216	0.0	0.133974596216	0.5	1.0	1.5
NCU00575.7	1.5	1.86602540378	2.0	1.86602540378	1.5	1.0	0.5	0.133974596216	0.0	0.133974596216	0.5	1.0
NCU04251.7	1.5	1.86602540378	2.0	1.86602540378	1.5	1.0	0.5	0.133974596216	0.0	0.133974596216	0.5	1.0
NCU06063.7	0.133974596216	0.5	1.0	1.5	1.86602540378	2.0	1.86602540378	1.5	1.0	0.5	0.133974596216	0.0
NCU00591.7	1.5	1.86602540378	2.0	1.86602540378	1.5	1.0	0.5	0.133974596216	0.0	0.133974596216	0.5	1.0
NCU03415.7	1.5	1.86602540378	2.0	1.86602540378	1.5	1.0	0.5	0.133974596216	0.0	0.133974596216	0.5	1.0
NCU00316.7	0.5	1.0	1.5	1.86602540378	2.0	1.86602540378	1.5	1.0	0.5	0.133974596216	0.0	0.133974596216
NCU01667.7	1.86602540378	1.5	1.0	0.5	0.133974596216	0.0	0.133974596216	0.5	1.0	1.5	1.86602540378	2.0
NCU02550.7	0.5	0.133974596216	0.0	0.133974596216	0.5	1.0	1.5	1.86602540378	2.0	1.86602540378	1.5	1.0
NCU09705.7	0.5	1.0	1.5	1.86602540378	2.0	1.86602540378	1.5	1.0	0.5	0.133974596216	0.0	0.133974596216
NCU03117.7	2.0	1.86602540378	1.5	1.0	0.5	0.133974596216	0.0	0.133974596216	0.5	1.0	1.5	1.86602540378
NCU06613.7	1.86602540378	2.0	1.86602540378	1.5	1.0	0.5	0.133974596216	0.0	0.133974596216	0.5	1.0	1.5
NCU00843.7	0.5	0.133974596216	0.0	0.133974596216	0.5	1.0	1.5	1.86602540378	2.0	1.86602540378	1.5	1.0
NCU03617.7	0.0	0.133974596216	0.5	1.0	1.5	1.86602540378	2.0	1.86602540378	1.5	1.0	0.5	0.133974596216
NCU06141.7	0.5	0.133974596216	0.0	0.133974596216	0.5	1.0	1.5	1.86602540378	2.0	1.86602540378	1.5	1.0
NCU05924.7	1.86602540378	2.0	1.86602540378	1.5	1.0	0.5	0.133974596216	0.0	0.133974596216	0.5	1.0	1.5
NCU06452.7	1.0	1.5	1.86602540378	2.0	1.86602540378	1.5	1.0	0.5	0.133974596216	0.0	0.133974596216	0.5
NCU07165.7	0.0	0.133974596216	0.5	1.0	1.5	1.86602540378	2.0	1.86602540378	1.5	1.0	0.5	0.133974596216
NCU09642.7	1.86602540378	2.0	1.86602540378	1.5	1.0	0.5	0.133974596216	0.0	0.133974596216	0.5	1.0	1.5
NCU04013.7	1.0	1.5	1.86602540378	2.0	1.86602540378	1.5	1.0	0.5	0.133974596216	0.0	0.133974596216	0.5
NCU05419.7	0.133974596216	0.5	1.0	1.5	1.86602540378	2.0	1.86602540378	1.5	1.0	0.5	0.133974596216	0.0
NCU02829.7	0.5	0.133974596216	0.0	0.133974596216	0.5	1.0	1.5	1.86602540378	2.0	1.86602540378	1.5	1.0
NCU01870.7	0.133974596216	0.5	1.0	1.5	1.86602540378	2.0	1.86602540378	1.5	1.0	0.5	0.133974596216	0.0
NCU00678.7	0.133974596216	0.5	1.0	1.5	1.86602540378	2.0	1.86602540378	1.5	1.0	0.5	0.133974596216	0.0
NCU06003.7	1.86602540378	1.5	1.0	0.5	0.133974596216	0.0	0.133974596216	0.5	1.0	1.5	1.86602540378	2.0
NCU08828.7	1.86602540378	2.0	1.86602540378	1.5	1.0	0.5	0.133974596216	0.0	0.133974596216	0.5	1.0	1.5
NCU10008.7	1.0	1.5	1.86602540378	2.0	1.86602540378	1.5	1.0	0.5	0.133974596216	0.0	0.133974596216	0.5
NCU02536.7	1.5	1.86602540378	2.0	1.86602540378	1.5	1.0	0.5	0.133974596216	0.0	0.133974596216	0.5	1.0
NCU07741.7	1.5	1.86602540378	2.0	1.86602540378	1.5	1.0	0.5	0.133974596216	0.0	0.133974596216	0.5	1.0
NCU02305.7	1.86602540378	1.5	1.0	0.5	0.133974596216	0.0	0.133974596216	0.5	1.0	1.5	1.86602540378	2.0
NCU07953.7	1.86602540378	1.5	1.0	0.5	0.133974596216	0.0	0.133974596216	0.5	1.0	1.5	1.86602540378	2.0
NCU08643.7	0.133974596216	0.0	0.133974596216	0.5	1.0	1.5	1.86602540378	2.0	1.86602540378	1.5	1.0	0.5
NCU08925.7	1.5	1.0	0.5	0.133974596216	0.0	0.133974596216	0.5	1.0	1.5	1.86602540378	2.0	1.86602540378
NCU06005.7	0.133974596216	0.5	1.0	1.5	1.86602540378	2.0	1.86602540378	1.5	1.0	0.5	0.133974596216	0.0
NCU00775.7	0.133974596216	0.5	1.0	1.5	1.86602540378	2.0	1.86602540378	1.5	1.0	0.5	0.133974596216	0.0
NCU01512.7	1.0	1.5	1.86602540378	2.0	1.86602540378	1.5	1.0	0.5	0.133974596216	0.0	0.133974596216	0.5
NCU04460.7	0.133974596216	0.5	1.0	1.5	1.86602540378	2.0	1.86602540378	1.5	1.0	0.5	0.133974596216	0.0
NCU00552.7	0.133974596216	0.5	1.0	1.5	1.86602540378	2.0	1.86602540378	1.5	1.0	0.5	0.133974596216	0.0
NCU09643.7	1.86602540378	1.5	1.0	0.5	0.133974596216	0.0	0.133974596216	0.5	1.0	1.5	1.86602540378	2.0
NCU01333.7	0.0	0.133974596216	0.5	1.0	1.5	1.86602540378	2.0	1.86602540378	1.5	1.0	0.5	0.133974596216
NCU02226.7	1.0	1.5	1.86602540378	2.0	1.86602540378	1.5	1.0	0.5	0.133974596216	0.0	0.133974596216	0.5
NCU04963.7	1.86602540378	2.0	1.86602540378	1.5	1.0	0.5	0.133974596216	0.0	0.133974596216	0.5	1.0	1.5
NCU06870.7	0.5	0.133974596216	0.0	0.133974596216	0.5	1.0	1.5	1.86602540378	2.0	1.86602540378	1.5	1.0
NCU04837.7	1.0	1.5	1.86602540378	2.0	1.86602540378	1.5	1.0	0.5	0.133974596216	0.0	0.133974596216	0.5
NCU06342.7	1.5	1.0	0.5	0.133974596216	0.0	0.133974596216	0.5	1.0	1.5	1.86602540378	2.0	1.86602540378
NCU09810.7	0.133974596216	0.5	1.0	1.5	1.86602540378	2.0	1.86602540378	1.5	1.0	0.5	0.133974596216	0.0
NCU00959.7	1.0	0.5	0.133974596216	0.0	0.133974596216	0.5	1.0	1.5	1.86602540378	2.0	1.86602540378	1.5
NCU07697.7	1.5	1.86602540378	2.0	1.86602540378	1.5	1.0	0.5	0.133974596216	0.0	0.133974596216	0.5	1.0
NCU01258.7	0.133974596216	0.5	1.0	1.5	1.86602540378	2.0	1.86602540378	1.5	1.0	0.5	0.133974596216	0.0
NCU09896.7	1.5	1.86602540378	2.0	1.86602540378	1.5	1.0	0.5	0.133974596216	0.0	0.133974596216	0.5	1.0
NCU00936.7	0.133974596216	0.5	1.0	1.5	1.86602540378	2.0	1.86602540378	1.5	1.0	0.5	0.133974596216	0.0
NCU07281.7	0.133974596216	0.5	1.0	1.5	1.86602540378	2.0	1.86602540378	1.5	1.0	0.5	0.133974596216	0.0
NCU00461.7	1.0	0.5	0.133974596216	0.0	0.133974596216	0.5	1.0	1.5	1.86602540378	2.0	1.86602540378	1.5
NCU03031.7	1.5	1.0	0.5	0.133974596216	0.0	0.133974596216	0.5	1.0	1.5	1.86602540378	2.0	1.86602540378
NCU07456.7	0.5	0.133974596216	0.0	0.133974596216	0.5	1.0	1.5	1.86602540378	2.0	1.86602540378	1.5	1.0
NCU00597.7	1.86602540378	2.0	1.86602540378	1.5	1.0	0.5	0.133974596216	0.0	0.133974596216	0.5	1.0	1.5
NCU02954.7	0.5	0.133974596216	0.0	0.133974596216	0.5	1.0	1.5	1.86602540378	2.0	1.86602540378	1.5	1.0
NCU04997.7	1.0	0.5	0.133974596216	0.0	0.133974596216	0.5	1.0	1.5	1.86602540378	2.0	1.86602540378	1.5
NCU05499.7	2.0	1.86602540378	1.5	1.0	0.5	0.133974596216	0.0	0.133974596216	0.5	1.0	1.5	1.86602540378
NCU02136.7	0.133974596216	0.5	1.0	1.5	1.86602540378	2.0	1.86602540378	1.5	1.0	0.5	0.133974596216	0.0
NCU05828.7	1.0	1.5	1.86602540378	2.0	1.86602540378	1.5	1.0	0.5	0.133974596216	0.0	0.133974596216	0.5
NCU03963.7	1.0	1.5	1.86602540378	2.0	1.86602540378	1.5	1.0	0.5	0.133974596216	0.0	0.133974596216	0.5
NCU06881.7	0.133974596216	0.5	1.0	1.5	1.86602540378	2.0	1.86602540378	1.5	1.0	0.5	0.133974596216	0.0
NCU01428.7	1.0	1.5	1.86602540378	2.0	1.86602540378	1.5	1.0	0.5	0.133974596216	0.0	0.133974596216	0.5
NCU03004.7	1.5	1.86602540378	2.0	1.86602540378	1.5	1.0	0.5	0.133974596216	0.0	0.133974596216	0.5	1.0
NCU00227.7	1.0	1.5	1.86602540378	2.0	1.86602540378	1.5	1.0	0.5	0.133974596216	0.0	0.133974596216	0.5
NCU02373.7	1.0	1.5	1.86602540378	2.0	1.86602540378	1.5	1.0	0.5	0.133974596216	0.0	0.133974596216	0.5
NCU02430.7	0.133974596216	0.5	1.0	1.5	1.86602540378	2.0	1.86602540378	1.5	1.0	0.5	0.133974596216	0.0
NCU00261.7	1.0	0.5	0.133974596216	0.0	0.133974596216	0.5	1.0	1.5	1.86602540378	2.0	1.86602540378	1.5
NCU08145.7	0.0	0.133974596216	0.5	1.0	1.5	1.86602540378	2.0	1.86602540378	1.5	1.0	0.5	0.133974596216
NCU08998.7	0.0	0.133974596216	0.5	1.0	1.5	1.86602540378	2.0	1.86602540378	1.5	1.0	0.5	0.133974596216
NCU07153.7	2.0	1.86602540378	1.5	1.0	0.5	0.133974596216	0.0	0.133974596216	0.5	1.0	1.5	1.86602540378
NCU02193.7	1.86602540378	2.0	1.86602540378	1.5	1.0	0.5	0.133974596216	0.0	0.133974596216	0.5	1.0	1.5
NCU07564.7	0.133974596216	0.0	0.133974596216	0.5	1.0	1.5	1.86602540378	2.0	1.86602540378	1.5	1.0	0.5
NCU08762.7	1.0	1.5	1.86602540378	2.0	1.86602540378	1.5	1.0	0.5	0.133974596216	0.0	0.133974596216	0.5
NCU09621.7	0.0	0.133974596216	0.5	1.0	1.5	1.86602540378	2.0	1.86602540378	1.5	1.0	0.5	0.133974596216
NCU07756.7	1.86602540378	1.5	1.0	0.5	0.133974596216	0.0	0.133974596216	0.5	1.0	1.5	1.86602540378	2.0
NCU01140.7	0.133974596216	0.5	1.0	1.5	1.86602540378	2.0	1.86602540378	1.5	1.0	0.5	0.133974596216	0.0
NCU05041.7	0.133974596216	0.5	1.0	1.5	1.86602540378	2.0	1.86602540378	1.5	1.0	0.5	0.133974596216	0.0
NCU06132.7	0.133974596216	0.5	1.0	1.5	1.86602540378	2.0	1.86602540378	1.5	1.0	0.5	0.133974596216	0.0
NCU00649.7	2.0	1.86602540378	1.5	1.0	0.5	0.133974596216	0.0	0.133974596216	0.5	1.0	1.5	1.86602540378
NCU02797.7	0.133974596216	0.5	1.0	1.5	1.86602540378	2.0	1.86602540378	1.5	1.0	0.5	0.133974596216	0.0
NCU04474.7	1.86602540378	2.0	1.86602540378	1.5	1.0	0.5	0.133974596216	0.0	0.133974596216	0.5	1.0	1.5
NCU08409.7	0.133974596216	0.5	1.0	1.5	1.86602540378	2.0	1.86602540378	1.5	1.0	0.5	0.133974596216	0.0
NCU03098.7	0.0	0.133974596216	0.5	1.0	1.5	1.86602540378	2.0	1.86602540378	1.5	1.0	0.5	0.133974596216
NCU07022.7	0.133974596216	0.0	0.133974596216	0.5	1.0	1.5	1.86602540378	2.0	1.86602540378	1.5	1.0	0.5
NCU05624.7	0.0	0.133974596216	0.5	1.0	1.5	1.86602540378	2.0	1.86602540378	1.5	1.0	0.5	0.133974596216
NCU08535.7	1.5	1.86602540378	2.0	1.86602540378	1.5	1.0	0.5	0.133974596216	0.0	0.133974596216	0.5	1.0
NCU02450.7	0.133974596216	0.5	1.0	1.5	1.86602540378	2.0	1.86602540378	1.5	1.0	0.5	0.133974596216	0.0
NCU04642.7	0.0	0.133974596216	0.5	1.0	1.5	1.86602540378	2.0	1.86602540378	1.5	1.0	0.5	0.133974596216
NCU10042.7	1.86602540378	2.0	1.86602540378	1.5	1.0	0.5	0.133974596216	0.0	0.133974596216	0.5	1.0	1.5
NCU00409.7	0.133974596216	0.5	1.0	1.5	1.86602540378	2.0	1.86602540378	1.5	1.0	0.5	0.133974596216	0.0
NCU04648.7	0.0	0.133974596216	0.5	1.0	1.5	1.86602540378	2.0	1.86602540378	1.5	1.0	0.5	0.133974596216
NCU02416.7	0.0	0.133974596216	0.5	1.0	1.5	1.86602540378	2.0	1.86602540378	1.5	1.0	0.5	0.133974596216
NCU09116.7	0.133974596216	0.5	1.0	1.5	1.86602540378	2.0	1.86602540378	1.5	1.0	0.5	0.133974596216	0.0
NCU00944.7	0.5	1.0	1.5	1.86602540378	2.0	1.86602540378	1.5	1.0	0.5	0.133974596216	0.0	0.133974596216
NCU01119.7	0.5	0.133974596216	0.0	0.133974596216	0.5	1.0	1.5	1.86602540378	2.0	1.86602540378	1.5	1.0
NCU09111.7	1.5	1.86602540378	2.0	1.86602540378	1.5	1.0	0.5	0.133974596216	0.0	0.133974596216	0.5	1.0
NCU01824.7	1.86602540378	1.5	1.0	0.5	0.133974596216	0.0	0.133974596216	0.5	1.0	1.5	1.86602540378	2.0
NCU04797.7	0.133974596216	0.5	1.0	1.5	1.86602540378	2.0	1.86602540378	1.5	1.0	0.5	0.133974596216	0.0
NCU08352.7	1.5	1.86602540378	2.0	1.86602540378	1.5	1.0	0.5	0.133974596216	0.0	0.133974596216	0.5	1.0
NCU04385.7	0.133974596216	0.5	1.0	1.5	1.86602540378	2.0	1.86602540378	1.5	1.0	0.5	0.133974596216	0.0
NCU06043.7	2.0	1.86602540378	1.5	1.0	0.5	0.133974596216	0.0	0.133974596216	0.5	1.0	1.5	1.86602540378
NCU05816.7	0.133974596216	0.0	0.133974596216	0.5	1.0	1.5	1.86602540378	2.0	1.86602540378	1.5	1.0	0.5
NCU02542.7	1.86602540378	2.0	1.86602540378	1.5	1.0	0.5	0.133974596216	0.0	0.133974596216	0.5	1.0	1.5
NCU05129.7	0.133974596216	0.5	1.0	1.5	1.86602540378	2.0	1.86602540378	1.5	1.0	0.5	0.133974596216	0.0
NCU10110.7	0.133974596216	0.0	0.133974596216	0.5	1.0	1.5	1.86602540378	2.0	1.86602540378	1.5	1.0	0.5
NCU05956.7	0.133974596216	0.5	1.0	1.5	1.86602540378	2.0	1.86602540378	1.5	1.0	0.5	0.133974596216	0.0
NCU01993.7	1.5	1.86602540378	2.0	1.86602540378	1.5	1.0	0.5	0.133974596216	0.0	0.133974596216	0.5	1.0
NCU00721.7	0.133974596216	0.0	0.133974596216	0.5	1.0	1.5	1.86602540378	2.0	1.86602540378	1.5	1.0	0.5
NCU08927.7	2.0	1.86602540378	1.5	1.0	0.5	0.133974596216	0.0	0.133974596216	0.5	1.0	1.5	1.86602540378
NCU00173.7	0.133974596216	0.5	1.0	1.5	1.86602540378	2.0	1.86602540378	1.5	1.0	0.5	0.133974596216	0.0
NCU05290.7	1.5	1.86602540378	2.0	1.86602540378	1.5	1.0	0.5	0.133974596216	0.0	0.133974596216	0.5	1.0
NCU06722.7	0.133974596216	0.5	1.0	1.5	1.86602540378	2.0	1.86602540378	1.5	1.0	0.5	0.133974596216	0.0
NCU11424.7	0.133974596216	0.5	1.0	1.5	1.86602540378	2.0	1.86602540378	1.5	1.0	0.5	0.133974596216	0.0
NCU01689.7	1.5	1.86602540378	2.0	1.86602540378	1.5	1.0	0.5	0.133974596216	0.0	0.133974596216	0.5	1.0
NCU08977.7	1.86602540378	2.0	1.86602540378	1.5	1.0	0.5	0.133974596216	0.0	0.133974596216	0.5	1.0	1.5
NCU06448.7	0.0	0.133974596216	0.5	1.0	1.5	1.86602540378	2.0	1.86602540378	1.5	1.0	0.5	0.133974596216
NCU06783.7	1.0	1.5	1.86602540378	2.0	1.86602540378	1.5	1.0	0.5	0.133974596216	0.0	0.133974596216	0.5
NCU01332.7	1.0	1.5	1.86602540378	2.0	1.86602540378	1.5	1.0	0.5	0.133974596216	0.0	0.133974596216	0.5
NCU07307.7	1.5	1.86602540378	2.0	1.86602540378	1.5	1.0	0.5	0.133974596216	0.0	0.133974596216	0.5	1.0
NCU06471.7	0.133974596216	0.0	0.133974596216	0.5	1.0	1.5	1.86602540378	2.0	1.86602540378	1.5	1.0	0.5
NCU06358.7	1.5	1.0	0.5	0.133974596216	0.0	0.133974596216	0.5	1.0	1.5	1.86602540378	2.0	1.86602540378
NCU04923.7	1.0	1.5	1.86602540378	2.0	1.86602540378	1.5	1.0	0.5	0.133974596216	0.0	0.133974596216	0.5
NCU05118.7	0.133974596216	0.0	0.133974596216	0.5	1.0	1.5	1.86602540378	2.0	1.86602540378	1.5	1.0	0.5
NCU01666.7	0.133974596216	0.5	1.0	1.5	1.86602540378	2.0	1.86602540378	1.5	1.0	0.5	0.133974596216	0.0
NCU03100.7	0.133974596216	0.5	1.0	1.5	1.86602540378	2.0	1.86602540378	1.5	1.0	0.5	0.133974596216	0.0
NCU09371.7	0.5	0.133974596216	0.0	0.133974596216	0.5	1.0	1.5	1.86602540378	2.0	1.86602540378	1.5	1.0
NCU08924.7	1.86602540378	2.0	1.86602540378	1.5	1.0	0.5	0.133974596216	0.0	0.133974596216	0.5	1.0	1.5
NCU05454.7	0.133974596216	0.5	1.0	1.5	1.86602540378	2.0	1.86602540378	1.5	1.0	0.5	0.133974596216	0.0
NCU05169.7	0.0	0.133974596216	0.5	1.0	1.5	1.86602540378	2.0	1.86602540378	1.5	1.0	0.5	0.133974596216
NCU05180.7	1.5	1.86602540378	2.0	1.86602540378	1.5	1.0	0.5	0.133974596216	0.0	0.133974596216	0.5	1.0
NCU02250.7	0.5	1.0	1.5	1.86602540378	2.0	1.86602540378	1.5	1.0	0.5	0.133974596216	0.0	0.133974596216
NCU00414.7	1.5	1.86602540378	2.0	1.86602540378	1.5	1.0	0.5	0.133974596216	0.0	0.133974596216	0.5	1.0
NCU08398.7	1.0	1.5	1.86602540378	2.0	1.86602540378	1.5	1.0	0.5	0.133974596216	0.0	0.133974596216	0.5
NCU05259.7	1.5	1.86602540378	2.0	1.86602540378	1.5	1.0	0.5	0.133974596216	0.0	0.133974596216	0.5	1.0
NCU04216.7	2.0	1.86602540378	1.5	1.0	0.5	0.133974596216	0.0	0.133974596216	0.5	1.0	1.5	1.86602540378
NCU06512.7	2.0	1.86602540378	1.5	1.0	0.5	0.133974596216	0.0	0.133974596216	0.5	1.0	1.5	1.86602540378
NCU04071.7	0.0	0.133974596216	0.5	1.0	1.5	1.86602540378	2.0	1.86602540378	1.5	1.0	0.5	0.133974596216
NCU09646.7	0.133974596216	0.5	1.0	1.5	1.86602540378	2.0	1.86602540378	1.5	1.0	0.5	0.133974596216	0.0
NCU09864.7	1.0	1.5	1.86602540378	2.0	1.86602540378	1.5	1.0	0.5	0.133974596216	0.0	0.133974596216	0.5
NCU00150.7	1.86602540378	2.0	1.86602540378	1.5	1.0	0.5	0.133974596216	0.0	0.133974596216	0.5	1.0	1.5
NCU07446.7	1.5	1.86602540378	2.0	1.86602540378	1.5	1.0	0.5	0.133974596216	0.0	0.133974596216	0.5	1.0
NCU01816.7	1.0	1.5	1.86602540378	2.0	1.86602540378	1.5	1.0	0.5	0.133974596216	0.0	0.133974596216	0.5
NCU00519.7	1.0	1.5	1.86602540378	2.0	1.86602540378	1.5	1.0	0.5	0.133974596216	0.0	0.133974596216	0.5
NCU00580.7	0.0	0.133974596216	0.5	1.0	1.5	1.86602540378	2.0	1.86602540378	1.5	1.0	0.5	0.133974596216
NCU08272.7	1.5	1.86602540378	2.0	1.86602540378	1.5	1.0	0.5	0.133974596216	0.0	0.133974596216	0.5	1.0
NCU03267.7	0.0	0.133974596216	0.5	1.0	1.5	1.86602540378	2.0	1.86602540378	1.5	1.0	0.5	0.133974596216
NCU05985.7	0.133974596216	0.0	0.133974596216	0.5	1.0	1.5	1.86602540378	2.0	1.86602540378	1.5	1.0	0.5
NCU03561.7	1.5	1.86602540378	2.0	1.86602540378	1.5	1.0	0.5	0.133974596216	0.0	0.133974596216	0.5	1.0
NCU04721.7	0.133974596216	0.0	0.133974596216	0.5	1.0	1.5	1.86602540378	2.0	1.86602540378	1.5	1.0	0.5
NCU08058.7	2.0	1.86602540378	1.5	1.0	0.5	0.133974596216	0.0	0.133974596216	0.5	1.0	1.5	1.86602540378
NCU02468.7	2.0	1.86602540378	1.5	1.0	0.5	0.133974596216	0.0	0.133974596216	0.5	1.0	1.5	1.86602540378
NCU00782.7	1.5	1.86602540378	2.0	1.86602540378	1.5	1.0	0.5	0.133974596216	0.0	0.133974596216	0.5	1.0
NCU00838.7	0.133974596216	0.5	1.0	1.5	1.86602540378	2.0	1.86602540378	1.5	1.0	0.5	0.133974596216	0.0
NCU00636.7	0.133974596216	0.0	0.133974596216	0.5	1.0	1.5	1.86602540378	2.0	1.86602540378	1.5	1.0	0.5
NCU03139.7	0.133974596216	0.5	1.0	1.5	1.86602540378	2.0	1.86602540378	1.5	1.0	0.5	0.133974596216	0.0
NCU06123.7	0.133974596216	0.0	0.133974596216	0.5	1.0	1.5	1.86602540378	2.0	1.86602540378	1.5	1.0	0.5
NCU02407.7	1.5	1.86602540378	2.0	1.86602540378	1.5	1.0	0.5	0.133974596216	0.0	0.133974596216	0.5	1.0
NCU09560.7	0.0	0.133974596216	0.5	1.0	1.5	1.86602540378	2.0	1.86602540378	1.5	1.0	0.5	0.133974596216
NCU06673.7	1.86602540378	2.0	1.86602540378	1.5	1.0	0.5	0.133974596216	0.0	0.133974596216	0.5	1.0	1.5
NCU08760.7	1.0	0.5	0.133974596216	0.0	0.133974596216	0.5	1.0	1.5	1.86602540378	2.0	1.86602540378	1.5
NCU06803.7	0.133974596216	0.0	0.133974596216	0.5	1.0	1.5	1.86602540378	2.0	1.86602540378	1.5	1.0	0.5
NCU10007.7	0.133974596216	0.5	1.0	1.5	1.86602540378	2.0	1.86602540378	1.5	1.0	0.5	0.133974596216	0.0
NCU03381.7	1.86602540378	1.5	1.0	0.5	0.133974596216	0.0	0.133974596216	0.5	1.0	1.5	1.86602540378	2.0
NCU05830.7	1.5	1.0	0.5	0.133974596216	0.0	0.133974596216	0.5	1.0	1.5	1.86602540378	2.0	1.86602540378
NCU06652.7	0.133974596216	0.5	1.0	1.5	1.86602540378	2.0	1.86602540378	1.5	1.0	0.5	0.133974596216	0.0
NCU08743.7	1.86602540378	1.5	1.0	0.5	0.133974596216	0.0	0.133974596216	0.5	1.0	1.5	1.86602540378	2.0
NCU00963.7	1.0	0.5	0.133974596216	0.0	0.133974596216	0.5	1.0	1.5	1.86602540378	2.0	1.86602540378	1.5
NCU08877.7	0.133974596216	0.5	1.0	1.5	1.86602540378	2.0	1.86602540378	1.5	1.0	0.5	0.133974596216	0.0
NCU01227.7	1.5	1.86602540378	2.0	1.86602540378	1.5	1.0	0.5	0.133974596216	0.0	0.133974596216	0.5	1.0
NCU00670.7	1.86602540378	2.0	1.86602540378	1.5	1.0	0.5	0.133974596216	0.0	0.133974596216	0.5	1.0	1.5
NCU02333.7	1.0	1.5	1.86602540378	2.0	1.86602540378	1.5	1.0	0.5	0.133974596216	0.0	0.133974596216	0.5
NCU00436.7	1.5	1.86602540378	2.0	1.86602540378	1.5	1.0	0.5	0.133974596216	0.0	0.133974596216	0.5	1.0
NCU10468.7	1.0	0.5	0.133974596216	0.0	0.133974596216	0.5	1.0	1.5	1.86602540378	2.0	1.86602540378	1.5
NCU09090.7	0.133974596216	0.0	0.133974596216	0.5	1.0	1.5	1.86602540378	2.0	1.86602540378	1.5	1.0	0.5
NCU03504.7	1.5	1.86602540378	2.0	1.86602540378	1.5	1.0	0.5	0.133974596216	0.0	0.133974596216	0.5	1.0
NCU04289.7	1.0	0.5	0.133974596216	0.0	0.133974596216	0.5	1.0	1.5	1.86602540378	2.0	1.86602540378	1.5
NCU00447.7	0.5	1.0	1.5	1.86602540378	2.0	1.86602540378	1.5	1.0	0.5	0.133974596216	0.0	0.133974596216
